title,residential_complex,char_total_area,char_living_area,char_площадь кухни,char_floor_current,char_floor_total,char_completion_year,char_building_status,char_renovation,char_flat_тип_жилья,char_flat_общая_площадь,char_flat_жилая_площадь,char_flat_площадь_кухни,char_flat_высота_потолков,char_flat_санузел,char_flat_вид_из_окон,char_flat_отделка,char_building_количество_лифтов,char_building_тип_дома,char_building_пандус,district,building,metro_count,metro_names,metro_times,hc_developer,hc_class,hc_building_type,hc_parking,hc_complex_type,hc_advantages,developer_description,online_booking,views,char_flat_балкон/лоджия,char_building_парковка,hc_decoration_options
"Продается 1-комн. квартира, 44,67 м²",ЖК «Цивилизация на Неве»,"44,67 м²","15,2 м²","18,8 м²",2,18,2027,Не сдан,Предчистовая,Новостройка,"44,67 м²","15,2 м²","18,8 м²","2,82 м",1 совмещенный,На улицу и двор,Предчистовая,"1 пассажирский, 1 грузовой",Монолитный,Есть,р-н Невский,,3.0,"Улица Дыбенко, Ломоносовская, Проспект Большевиков","7 мин., 7 мин., 7 мин.",ЛСР. Недвижимость-Северо-Запад,Бизнес,Монолитный,"Отдельная многоуровневая, гостевая",Жилой комплекс,"Отделка, Парковка, Внутренний двор, Парки, Архитектура, Входная группа, Лифт",,True,"90 просмотров, нет за сегодня",,,
"Продается 2-комн. квартира, 51,5 м²",ЖК «Клюква.Парк»,"51,5 м²",,,2,12,2028,Не сдан,Без отделки,Новостройка,"51,5 м²",,,"2,72 м",,,,"10 пассажирских, 10 грузовых",Монолитно-кирпичный,Есть,р-н Пушкинский,,3.0,"Звездная, Московская, Купчино","10 мин., 12 мин., 13 мин.",,,,,,,,False,"1 просмотр, нет за сегодня",,,
"Продается 2-комн. квартира, 51,47 м²",ЖК «Любоград»,"51,47 м²",24 м²,"14,2 м²",2,4,2027,Не сдан,Чистовая,Новостройка,"51,47 м²",24 м²,"14,2 м²","2,77 м",,,Чистовая,7 пассажирских,Монолитно-кирпичный,,р-н Петродворцовый,,3.0,"Юго-Западная, Проспект Ветеранов, Ленинский проспект","15 мин., 17 мин., 17 мин.",КВС,Комфорт,"Монолитно-кирпичный, монолитный",Гостевая,Жилой комплекс,"Отделка, Внутренний двор",,True,"21 просмотр, нет за сегодня",,,
"Продается 2-комн. квартира, 53,04 м²",ЖК «Любоград»,"53,04 м²","24,2 м²","13,7 м²",1,4,2027,Не сдан,Чистовая,Новостройка,"53,04 м²","24,2 м²","13,7 м²","2,77 м",,,Чистовая,6 пассажирских,Монолитно-кирпичный,,р-н Петродворцовый,,3.0,"Юго-Западная, Проспект Ветеранов, Ленинский проспект","15 мин., 17 мин., 18 мин.",КВС,Комфорт,"Монолитно-кирпичный, монолитный",Гостевая,Жилой комплекс,"Отделка, Внутренний двор",,True,"335 просмотров, 4 за сегодня",,,
"Продается 2-комн. квартира, 54,09 м²",ЖК «Любоград»,"54,09 м²","24,3 м²",14 м²,1,4,2027,Не сдан,Чистовая,Новостройка,"54,09 м²","24,3 м²",14 м²,"2,77 м",,,Чистовая,7 пассажирских,Монолитно-кирпичный,,р-н Петродворцовый,,3.0,"Юго-Западная, Проспект Ветеранов, Ленинский проспект","15 мин., 17 мин., 17 мин.",КВС,Комфорт,"Монолитно-кирпичный, монолитный",Гостевая,Жилой комплекс,"Отделка, Внутренний двор",,True,"81 просмотр, 1 за сегодня",,,
"Продается 1-комн. квартира, 49,2 м²",ЖК «Окла (Okla)»,"49,2 м²",,,3,25,2026,Не сдан,,Новостройка,"49,2 м²",,,,,,,,Монолитный,,р-н Приморский,11к1,3.0,"Проспект Просвещения, Озерки, Удельная","11 мин., 12 мин., 13 мин.",Ленстройтрест,Комфорт,Монолитный,"Отдельная многоуровневая, гостевая",Жилой комплекс,"Отделка, Парковка, Внутренний двор, Архитектура, Входная группа, Лифт",,True,"2 просмотра, нет за сегодня",,,
"Продается 1-комн. квартира, 45,8 м²",ЖК «Окла (Okla)»,"45,8 м²",,,4,25,2026,Не сдан,,Новостройка,"45,8 м²",,,,,,,,Монолитный,,р-н Приморский,11к1,3.0,"Проспект Просвещения, Озерки, Удельная","11 мин., 12 мин., 13 мин.",Ленстройтрест,Комфорт,Монолитный,"Отдельная многоуровневая, гостевая",Жилой комплекс,"Отделка, Парковка, Внутренний двор, Архитектура, Входная группа, Лифт",,True,"нет просмотров, нет за сегодня",,,
"Продается 2-комн. квартира, 56,92 м²",ЖК «ЮгТаун. Олимпийские кварталы»,"56,92 м²","26,1 м²","16,6 м²",2,5,2027,Не сдан,Чистовая,Новостройка,"56,92 м²","26,1 м²","16,6 м²",,,,Чистовая,,Монолитный,,р-н Пушкинский,,3.0,"Купчино, Московская, Звездная","20 мин., 20 мин., 21 мин.",КВС,Комфорт,Монолитный,Гостевая,Жилой комплекс,"Отделка, Внутренний двор, Архитектура",,True,"130 просмотров, нет за сегодня",,,
"Продается 1-комн. квартира, 42,8 м²",ЖК «Антверпен»,"42,8 м²",,,3,13,2029,Не сдан,Предчистовая,Новостройка,"42,8 м²",,,"2,7 м",,,Предчистовая,"2 пассажирских, 2 грузовых",Монолитно-кирпичный,,р-н Фрунзенский,,3.0,"Купчино, Дунайская, Звездная","16 мин., 5 мин., 6 мин.",,,,,,,,False,"116 просмотров, 5 за сегодня",,,
"Продается 1-комн. квартира, 54,9 м²",ЖК «Тайм Сквер»,"54,9 м²",,,2,13,2025,Сдан,,Новостройка,"54,9 м²",,,"2,74 м",,,,,Монолитно-кирпичный,,р-н Приморский,99,3.0,"Комендантский проспект, Старая Деревня, Беговая","11 мин., 14 мин., 14 мин.",Холдинг «РСТИ» (Росстройинвест),Комфорт,Монолитно-кирпичный,Подземная,Жилой комплекс,"Отделка, Внутренний двор, Архитектура, Входная группа, Лифт",,False,"20 просмотров, 1 за сегодня",,,
"Продается студия, 27,1 м²",ЖК «Шкиперский 19»,"27,1 м²","11,5 м²","8,1 м²",9,12,2027,Не сдан,Без отделки,Новостройка,"27,1 м²","11,5 м²","8,1 м²","2,82 м",1 совмещенный,На улицу,Без отделки,"1 пассажирский, 1 грузовой",Монолитный,,р-н Василеостровский,к2,3.0,"Горный институт, Приморская, Василеостровская","5 мин., 5 мин., 7 мин.",ПИК,Бизнес,Монолитный,"Подземная, гостевая",Жилой комплекс,"Отделка, Парковка, Внутренний двор, Архитектура, Входная группа, Лифт",,True,"39 просмотров, 6 за сегодня",1 балкон,Открытая,"Предчистовая, Без отделки"
"Продается студия, 34 м²",ЖК «Аквилон ZALIVE (Аквилон ЗАЛИВ)»,34 м²,,,12,13,2025,Сдан,,Новостройка,34 м²,,,"2,72 м",,,,,Монолитно-кирпичный,,р-н Василеостровский,4,3.0,"Приморская, Горный институт, Василеостровская","7 мин., 8 мин., 11 мин.",Группа Аквилон,Бизнес,Монолитно-кирпичный,"Подземная, отдельная многоуровневая, гостевая",Жилой комплекс,"Отделка, Парковка, Внутренний двор, Парки, Архитектура, Входная группа, Лифт",,True,"43 просмотра, 2 за сегодня",,,
"Продается 2-комн. квартира, 69,55 м²",ЖК «Новикола»,"69,55 м²",,,2,8,2025,Сдан,,Новостройка,"69,55 м²",,,"2,85 м",,,,6 пассажирских,Монолитный,,р-н Красносельский,15к2,3.0,"Проспект Ветеранов, Ленинский проспект, Автово","24 мин., 24 мин., 26 мин.",ГК Технополис,Комфорт,Монолитный,"Подземная, гостевая",Жилой комплекс,"Отделка, Внутренний двор, Архитектура, Входная группа, Лифт",,False,"123 просмотра, 6 за сегодня",,,
"Продается 2-комн. квартира, 66,09 м²",ЖК «Образцовый квартал 6.4»,"66,09 м²",28 м²,"20,9 м²",1,4,2028,Не сдан,Предчистовая,Новостройка,"66,09 м²",28 м²,"20,9 м²","2,87 м",1 совмещенный,,Предчистовая,1 пассажирский,Монолитно-кирпичный,,р-н Пушкинский,,3.0,"Купчино, Звездная, Проспект Ветеранов","20 мин., 21 мин., 22 мин.",,,,,,,,True,"9 просмотров, нет за сегодня",1 балкон,Наземная,
"Продается 1-комн. квартира, 43,8 м²",ЖК «Руднева 15»,"43,8 м²","12,7 м²","19,9 м²",1,12,2024,Сдан,Чистовая,Новостройка,"43,8 м²","12,7 м²","19,9 м²","2,63 м",,Во двор,Чистовая,,Монолитный,,р-н Выборгский,15,3.0,"Проспект Просвещения, Гражданский проспект, Политехническая","5 мин., 7 мин., 7 мин.",,,,,,,,False,"63 просмотра, нет за сегодня",,,
"Продается студия, 30,7 м²",ЖК «LEGENDA Васильевского»,"30,7 м²","14,1 м²",5 м²,2,10,2029,Не сдан,Предчистовая,Новостройка,"30,7 м²","14,1 м²",5 м²,"2,72 м",1 совмещенный,Во двор,Предчистовая,"1 пассажирский, 1 грузовой",Монолитный,,р-н Василеостровский,к1,3.0,"Горный институт, Василеостровская, Приморская","15 мин., 5 мин., 6 мин.",LEGENDA Intelligent Development,Бизнес,Монолитно-кирпичный,"Подземная, гостевая",Жилой комплекс,"Парковка, Внутренний двор, Архитектура, Входная группа",,False,"31 просмотр, 1 за сегодня",,,"Предчистовая, Черновая"
"Продается 2-комн. квартира, 57,6 м²",ЖК «Ручьи»,"57,6 м²","22,4 м²","20,3 м²",3,20,2027,Не сдан,Чистовая,Новостройка,"57,6 м²","22,4 м²","20,3 м²","2,55 м","1 совмещенный, 1 раздельный",Во двор,Чистовая,3 грузовых,Монолитный,,р-н Красногвардейский,,3.0,"Академическая, Девяткино, Гражданский проспект","14 мин., 12 мин., 13 мин.",ЛСР. Недвижимость-Северо-Запад,Комфорт,Панельный,"Подземная, гостевая",Жилой комплекс,"Отделка, Парковка, Внутренний двор, Парки, Архитектура, Входная группа",,True,"41 просмотр, 4 за сегодня",1 балкон,,
"Продается 1-комн. квартира, 30,42 м²",ЖК «Астра Континенталь»,"30,42 м²","10,1 м²","13,3 м²",2,12,2028,Не сдан,Чистовая,Новостройка,"30,42 м²","10,1 м²","13,3 м²","2,77 м",,,Чистовая,"23 пассажирских, 23 грузовых",Монолитно-кирпичный,,р-н Невский,,3.0,"Елизаровская, Площадь Александра Невского, Обводный канал","16 мин., 7 мин., 8 мин.",Setl Group,Комфорт,Монолитно-кирпичный,Гостевая,Жилой комплекс,"Отделка, Внутренний двор, Парки, Архитектура, Входная группа, Лифт",,True,"10 просмотров, 3 за сегодня",1 лоджия,Подземная,
"Продается 2-комн. квартира, 58,3 м²",ЖК «Клюква.Парк»,"58,3 м²",,,2,12,2028,Не сдан,Без отделки,Новостройка,"58,3 м²",,,"2,72 м",,,,"10 пассажирских, 10 грузовых",Монолитно-кирпичный,Есть,р-н Пушкинский,,3.0,"Звездная, Московская, Купчино","10 мин., 12 мин., 13 мин.",,,,,,,,False,"7 просмотров, 1 за сегодня",,,
"Продается 1-комн. квартира, 39,94 м²",ЖК «Аурум»,"39,94 м²",,,1,15,2029,Не сдан,,Новостройка,"39,94 м²",,,"2,74 м",,,,6 пассажирских,Монолитно-кирпичный,Есть,р-н Калининский,,3.0,"Лесная, Площадь Ленина, Выборгская","5 мин., 6 мин., 7 мин.",Холдинг «РСТИ» (Росстройинвест),Комфорт,Монолитно-кирпичный,"Подземная, гостевая",Жилой комплекс,"Отделка, Парковка, Внутренний двор, Парки, Архитектура, Входная группа, Лифт",,False,"4 просмотра, нет за сегодня",,,
"Продается 1-комн. квартира, 36,03 м²",ЖК «Титул в Московском»,"36,03 м²","17,1 м²","10,7 м²",2,12,2026,Не сдан,Чистовая,Новостройка,"36,03 м²","17,1 м²","10,7 м²","2,77 м",,,Чистовая,6 грузовых,Монолитно-кирпичный,,р-н Московский,80к1,3.0,"Московская, Ленинский проспект, Звездная","7 мин., 4 мин., 6 мин.",Setl Group,Комфорт,Монолитно-кирпичный,"Подземная, гостевая",Жилой комплекс,"Отделка, Парковка, Внутренний двор, Архитектура, Входная группа, Лифт",,True,"53 просмотра, 2 за сегодня",1 лоджия,,
"Продается 1-комн. квартира, 34,75 м²",ЖК «Титул в Московском»,"34,75 м²","10,5 м²","17,2 м²",5,12,2026,Не сдан,Чистовая,Новостройка,"34,75 м²","10,5 м²","17,2 м²","2,77 м",,,Чистовая,6 грузовых,Монолитно-кирпичный,,р-н Московский,80к1,3.0,"Московская, Ленинский проспект, Звездная","7 мин., 4 мин., 6 мин.",Setl Group,Комфорт,Монолитно-кирпичный,"Подземная, гостевая",Жилой комплекс,"Отделка, Парковка, Внутренний двор, Архитектура, Входная группа, Лифт",,True,"44 просмотра, 1 за сегодня",1 лоджия,,
"Продается 1-комн. квартира, 33,3 м²",ЖК «Витебский парк»,"33,3 м²","11,5 м²","14,7 м²",11,12,2028,Не сдан,Чистовая,Новостройка,"33,3 м²","11,5 м²","14,7 м²","2,62 м",1 совмещенный,На улицу,Чистовая,2 пассажирских,Монолитный,,р-н Фрунзенский,,3.0,"Волковская, Обводный канал, Бухарестская","23 мин., 7 мин., 7 мин.",ПИК,Комфорт,Монолитный,"Подземная, гостевая",Жилой комплекс,"Парковка, Внутренний двор, Входная группа, Лифт",,True,"94 просмотра, 1 за сегодня",,Открытая,"Чистовая, Предчистовая"
"Продается 2-комн. квартира, 48,71 м²",ЖК «Южный Форт»,"48,71 м²",,,11,25,2026,Не сдан,,Новостройка,"48,71 м²",,,"2,74 м",,,,4 грузовых,Монолитный,Есть,р-н Красносельский,64к1,3.0,"Юго-Западная, Ленинский проспект, Автово","6 мин., 8 мин., 9 мин.",ГК Лидер Групп,Комфорт,Монолитный,Гостевая,Жилой комплекс,"Отделка, Внутренний двор, Архитектура, Входная группа",,True,"93 просмотра, 31 за сегодня",,,
"Продается 2-комн. квартира, 72 м²",ЖК «Granholm Village (Гранхолм Вилладж)»,72 м²,,,6,6,2023,Сдан,,Новостройка,72 м²,,,,,,,,Монолитно-кирпичный,Есть,р-н Курортный,3к1,,,,,,,,,,,False,"111 просмотров, 5 за сегодня",,,
"Продается 2-комн. квартира, 47,86 м²",ЖК «Старлайт»,"47,86 м²",,,9,25,2027,Не сдан,,Новостройка,"47,86 м²",,,"2,74 м",,,,"2 пассажирских, 8 грузовых",Монолитный,,р-н Красногвардейский,67,3.0,"Девяткино, Гражданский проспект, Академическая","22 мин., 6 мин., 10 мин.",ГК Лидер Групп,Комфорт,Монолитный,Подземная,Жилой комплекс,"Отделка, Внутренний двор, Архитектура, Входная группа",,True,"73 просмотра, нет за сегодня",,,
"Продается студия, 31,53 м²",ЖК «Respect (Респект)»,"31,53 м²",18 м²,5 м²,12,13,2027,Не сдан,Чистовая,Новостройка,"31,53 м²",18 м²,5 м²,"2,7 м",1 совмещенный,Во двор,Чистовая,"1 пассажирский, 1 грузовой",Монолитный,,р-н Калининский,87,3.0,"Площадь Мужества, Лесная, Выборгская","7 мин., 17 мин., 7 мин.",ГК ПСК,Комфорт,Монолитно-кирпичный,"Подземная, гостевая",Жилой комплекс,Архитектура,,False,"3 просмотра, нет за сегодня",1 лоджия,,"Чистовая, Предчистовая"
"Продается студия, 32,28 м²",ЖК «LEGENDA Васильевского»,"32,28 м²","19,6 м²",5 м²,2,10,2029,Не сдан,Предчистовая,Новостройка,"32,28 м²","19,6 м²",5 м²,"2,72 м",1 совмещенный,Во двор,Предчистовая,"1 пассажирский, 1 грузовой",Монолитный,,р-н Василеостровский,к1,3.0,"Горный институт, Василеостровская, Приморская","15 мин., 5 мин., 6 мин.",LEGENDA Intelligent Development,Бизнес,Монолитно-кирпичный,"Подземная, гостевая",Жилой комплекс,"Парковка, Внутренний двор, Архитектура, Входная группа",,False,"102 просмотра, 3 за сегодня",,,"Предчистовая, Черновая"
"Продается 1-комн. квартира, 41,87 м²",ЖК «Цивилизация на Неве»,"41,87 м²","13,7 м²","17,6 м²",10,18,2027,Не сдан,Предчистовая,Новостройка,"41,87 м²","13,7 м²","17,6 м²","2,82 м","1 совмещенный, 1 раздельный",Во двор,Предчистовая,"1 пассажирский, 1 грузовой",Монолитный,Есть,р-н Невский,,3.0,"Улица Дыбенко, Ломоносовская, Проспект Большевиков","6 мин., 6 мин., 8 мин.",ЛСР. Недвижимость-Северо-Запад,Бизнес,Монолитный,"Отдельная многоуровневая, гостевая",Жилой комплекс,"Отделка, Парковка, Внутренний двор, Парки, Архитектура, Входная группа, Лифт",,True,"38 просмотров, нет за сегодня",1 лоджия,,
"Продается 1-комн. квартира, 43,04 м²",ЖК «Цивилизация на Неве»,"43,04 м²","11,4 м²","21,1 м²",3,18,2027,Не сдан,Предчистовая,Новостройка,"43,04 м²","11,4 м²","21,1 м²","2,82 м",1 совмещенный,На улицу и двор,Предчистовая,"1 пассажирский, 1 грузовой",Монолитный,Есть,р-н Невский,,3.0,"Улица Дыбенко, Ломоносовская, Проспект Большевиков","7 мин., 7 мин., 7 мин.",ЛСР. Недвижимость-Северо-Запад,Бизнес,Монолитный,"Отдельная многоуровневая, гостевая",Жилой комплекс,"Отделка, Парковка, Внутренний двор, Парки, Архитектура, Входная группа, Лифт",,True,"27 просмотров, нет за сегодня",,,
"Продается 1-комн. квартира, 30,97 м²",ЖК «MONODOM ART (МОНОДОМ АРТ)»,"30,97 м²",,,1,9,2026,Не сдан,,Новостройка,"30,97 м²",,,"2,83 м",,,,,Монолитно-кирпичный,,р-н Василеостровский,,3.0,"Горный институт, Василеостровская, Приморская","16 мин., 5 мин., 5 мин.",,,,,,,,False,"52 просмотра, 4 за сегодня",,Подземная,
"Продается 2-комн. квартира, 63,91 м²",ЖК «Речной квартал»,"63,91 м²","24,1 м²","17,9 м²",3,24,2028,Не сдан,Черновая,Новостройка,"63,91 м²","24,1 м²","17,9 м²","2,7 м",,,Черновая,"1 пассажирский, 1 грузовой",Монолитный,,р-н Невский,,3.0,"Ломоносовская, Пролетарская, Обухово","9 мин., 10 мин., 10 мин.",,,,,,,,False,"30 просмотров, нет за сегодня",,Подземная,Черновая
"Продается 1-комн. квартира, 31,46 м²",ЖК «Гранат»,"31,46 м²",,,9,13,2028,Не сдан,,Новостройка,"31,46 м²",,,"3,03 м",,,,,Монолитно-кирпичный,,р-н Фрунзенский,10к2Д,3.0,"Бухарестская, Международная, Волковская","16 мин., 4 мин., 6 мин.",Холдинг «РСТИ» (Росстройинвест),Комфорт,Монолитно-кирпичный,Подземная,Жилой комплекс,"Парковка, Внутренний двор, Архитектура, Входная группа, Лифт",,False,"15 просмотров, нет за сегодня",,,
"Продается 1-комн. квартира, 42,2 м²",ЖК «Руднева 15»,"42,2 м²","13,5 м²","15,5 м²",8,13,2024,Сдан,Чистовая,Новостройка,"42,2 м²","13,5 м²","15,5 м²","2,63 м",1 совмещенный,На улицу и двор,Чистовая,,Монолитный,,р-н Выборгский,2к1,3.0,"Проспект Просвещения, Гражданский проспект, Политехническая","5 мин., 6 мин., 7 мин.",,,,,,,,False,"168 просмотров, 1 за сегодня",,,
"Продается 1-комн. квартира, 44,1 м²",ЖК «Руднева 15»,"44,1 м²","12,8 м²",19 м²,1,13,2024,Сдан,Чистовая,Новостройка,"44,1 м²","12,8 м²",19 м²,"2,63 м",,Во двор,Чистовая,,Монолитный,,р-н Выборгский,2к1,3.0,"Проспект Просвещения, Гражданский проспект, Политехническая","5 мин., 6 мин., 7 мин.",,,,,,,,False,"24 просмотра, нет за сегодня",,,
"Продается 1-комн. квартира, 46,2 м²",ЖК «Пулково Лейк»,"46,2 м²","10,7 м²","18,2 м²",1,4,2028,Не сдан,Чистовая,Новостройка,"46,2 м²","10,7 м²","18,2 м²","2,6 м",1 совмещенный,Во двор,Чистовая,"12 пассажирских, 1 грузовой",Панельный,,р-н Пушкинский,,3.0,"Московская, Купчино, Звездная","22 мин., 20 мин., 21 мин.",ЛСР. Недвижимость-Северо-Запад,Комфорт,Панельный,Гостевая,Жилой комплекс,"Отделка, Внутренний двор, Парки, Архитектура, Входная группа",,True,"173 просмотра, 1 за сегодня",,,
"Продается 1-комн. квартира, 38,2 м²",ЖК «ЛСР. Большая Охта»,"38,2 м²","11,6 м²","18,6 м²",3,10,2027,Не сдан,Предчистовая,Новостройка,"38,2 м²","11,6 м²","18,6 м²","2,72 м",1 совмещенный,На улицу,Предчистовая,"1 пассажирский, 1 грузовой",Монолитный,,р-н Красногвардейский,8к2,3.0,"Ладожская, Новочеркасская, Чернышевская","5 мин., 4 мин., 7 мин.",ЛСР. Недвижимость-Северо-Запад,Бизнес,Монолитный,Подземная,Жилой комплекс,"Отделка, Внутренний двор, Архитектура, Входная группа, Лифт",,True,"84 просмотра, нет за сегодня",,,
"Продается 2-комн. квартира, 51,15 м²",ЖК «Парадный ансамбль»,"51,15 м²","22,2 м²","17,3 м²",2,5,2028,Не сдан,Чистовая,Новостройка,"51,15 м²","22,2 м²","17,3 м²","2,77 м",,,Чистовая,"3 пассажирских, 3 грузовых",Монолитно-кирпичный,,р-н Московский,,3.0,"Проспект Ветеранов, Юго-Западная, Ленинский проспект","23 мин., 24 мин., 25 мин.",Setl Group,Комфорт,"Монолитно-кирпичный, монолитный",Подземная,Жилой комплекс,"Отделка, Парковка, Внутренний двор, Парки, Архитектура, Входная группа",,True,"67 просмотров, 8 за сегодня",1 лоджия,,
"Продается 2-комн. квартира, 55,98 м²",ЖК «Univer City. Город возможностей»,"55,98 м²",24 м²,"17,5 м²",2,4,2028,Не сдан,Чистовая,Новостройка,"55,98 м²",24 м²,"17,5 м²","2,77 м",,,Чистовая,12 пассажирских,Монолитный,Есть,р-н Пушкинский,,3.0,"Купчино, Шушары, Пролетарская","27 мин., 22 мин., 26 мин.",Setl Group,Комфорт,"Монолитно-кирпичный, монолитный",Гостевая,Жилой комплекс,"Отделка, Внутренний двор, Парки, Архитектура, Входная группа",,True,"33 просмотра, 4 за сегодня",1 лоджия,,"Чистовая с мебелью, Чистовая"
"Продается 2-комн. квартира, 52,64 м²",ЖК «Дубровский»,"52,64 м²","25,7 м²","14,2 м²",1,4,2027,Не сдан,С отделкой,Новостройка,"52,64 м²","25,7 м²","14,2 м²",,,,С отделкой,,Монолитно-кирпичный,,р-н Пушкинский,,3.0,"Купчино, Звездная, Шушары","24 мин., 25 мин., 27 мин.",КВС,Бизнес,Монолитно-кирпичный,Гостевая,Жилой комплекс,"Отделка, Парковка, Внутренний двор, Архитектура",,True,"151 просмотр, нет за сегодня",,,"Чистовая, Предчистовая"
"Продается 1-комн. квартира, 40 м²",ЖК «Тайм Сквер»,40 м²,,,9,13,2025,Сдан,,Новостройка,40 м²,,,"2,74 м",,,,,Монолитно-кирпичный,,р-н Приморский,99,3.0,"Комендантский проспект, Беговая, Старая Деревня","8 мин., 13 мин., 13 мин.",Холдинг «РСТИ» (Росстройинвест),Комфорт,Монолитно-кирпичный,Подземная,Жилой комплекс,"Отделка, Внутренний двор, Архитектура, Входная группа, Лифт",,False,"3 просмотра, нет за сегодня",,,
"Продается 1-комн. квартира, 42,55 м²",ЖК «ИСКРА-Сити»,"42,55 м²",,,15,18,2027,Не сдан,,Новостройка,"42,55 м²",,,"2,7 м",,,,,Монолитный,,р-н Невский,37,3.0,"Улица Дыбенко, Ломоносовская, Проспект Большевиков","6 мин., 6 мин., 8 мин.",ГК Лидер Групп,Комфорт,Монолитный,"Подземная, гостевая",Жилой комплекс,"Внутренний двор, Архитектура",,True,"11 просмотров, 3 за сегодня",,,
"Продается 1-комн. квартира, 28,24 м²",ЖК «Гранат»,"28,24 м²",,,9,13,2028,Не сдан,,Новостройка,"28,24 м²",,,"2,73 м",,,,,Монолитно-кирпичный,,р-н Фрунзенский,,3.0,"Бухарестская, Международная, Волковская","16 мин., 4 мин., 6 мин.",Холдинг «РСТИ» (Росстройинвест),Комфорт,Монолитно-кирпичный,Подземная,Жилой комплекс,"Парковка, Внутренний двор, Архитектура, Входная группа, Лифт",,False,"5 просмотров, нет за сегодня",,,
"Продается студия, 25,22 м²",ЖК «Ассамблея»,"25,22 м²","12,1 м²",5 м²,2,12,2028,Не сдан,Без отделки,Новостройка,"25,22 м²","12,1 м²",5 м²,3 м,1 совмещенный,Во двор,Без отделки,"1 пассажирский, 1 грузовой",Монолитный,,р-н Василеостровский,,3.0,"Горный институт, Василеостровская, Приморская","16 мин., 22 мин., 5 мин.",,,,,,,,True,"15 просмотров, нет за сегодня",,,Без отделки
"Продается 1-комн. квартира, 37,76 м²",ЖК «НОВАЯ ЗЕМЛЯ»,"37,76 м²","10,7 м²",19 м²,3,17,2028,Не сдан,Предчистовая,Новостройка,"37,76 м²","10,7 м²",19 м²,"2,85 м",1 раздельный,Во двор,Предчистовая,"1 пассажирский, 1 грузовой",Монолитный,Есть,р-н Василеостровский,,3.0,"Приморская, Горный институт, Василеостровская","13 мин., 14 мин., 15 мин.",LEGENDA Intelligent Development,Комфорт,Монолитный,"Подземная, гостевая",Жилой комплекс,"Парковка, Архитектура, Входная группа",,False,"13 просмотров, нет за сегодня",,,"Предчистовая, Без отделки"
"Продается 1-комн. квартира, 39,83 м²",ЖК «НОВАЯ ЗЕМЛЯ»,"39,83 м²","9,8 м²","17,4 м²",2,22,2028,Не сдан,Предчистовая,Новостройка,"39,83 м²","9,8 м²","17,4 м²","2,85 м",1 совмещенный,Во двор,Предчистовая,"2 пассажирских, 1 грузовой",Монолитный,Есть,р-н Василеостровский,,3.0,"Приморская, Горный институт, Василеостровская","13 мин., 14 мин., 15 мин.",LEGENDA Intelligent Development,Комфорт,Монолитный,"Подземная, гостевая",Жилой комплекс,"Парковка, Архитектура, Входная группа",,False,"24 просмотра, нет за сегодня",,,"Предчистовая, Без отделки"
"Продается студия, 30,08 м²",ЖК «LEGENDA Васильевского»,"30,08 м²","15,2 м²",5 м²,4,10,2029,Не сдан,Предчистовая,Новостройка,"30,08 м²","15,2 м²",5 м²,"2,72 м",1 совмещенный,Во двор,Предчистовая,"1 пассажирский, 1 грузовой",Монолитный,,р-н Василеостровский,к2,3.0,"Горный институт, Василеостровская, Приморская","15 мин., 5 мин., 6 мин.",LEGENDA Intelligent Development,Бизнес,Монолитно-кирпичный,"Подземная, гостевая",Жилой комплекс,"Парковка, Внутренний двор, Архитектура, Входная группа",,False,"34 просмотра, нет за сегодня",,,"Предчистовая, Черновая"
"Продается 2-комн. квартира, 62,12 м²",ЖК «Речной квартал»,"62,12 м²","24,5 м²","16,7 м²",3,24,2028,Не сдан,Черновая,Новостройка,"62,12 м²","24,5 м²","16,7 м²","2,7 м",,,Черновая,"1 пассажирский, 1 грузовой",Монолитный,,р-н Невский,,3.0,"Ломоносовская, Пролетарская, Обухово","9 мин., 10 мин., 10 мин.",,,,,,,,False,"17 просмотров, нет за сегодня",,Подземная,Черновая
"Продается студия, 34,74 м²",ЖК «Северный ветер»,"34,74 м²",14 м²,"5,3 м²",9,16,2028,Не сдан,Предчистовая,Новостройка,"34,74 м²",14 м²,"5,3 м²","3,1 м",1 совмещенный,Во двор,Предчистовая,"13 пассажирских, 2 грузовых",Монолитный,,р-н Василеостровский,,3.0,"Василеостровская, Приморская, Горный институт","11 мин., 7 мин., 10 мин.",Брусника,Бизнес,Монолитно-кирпичный,"Подземная, гостевая",Жилой комплекс,"Отделка, Парковка, Внутренний двор, Входная группа",,True,"84 просмотра, 2 за сегодня",1 балкон,,
"Продается 2-комн. квартира, 58,9 м²",ЖК «Ручьи»,"58,9 м²","22,6 м²","21,1 м²",17,20,2027,Не сдан,Чистовая,Новостройка,"58,9 м²","22,6 м²","21,1 м²","2,55 м","1 совмещенный, 1 раздельный",Во двор,Чистовая,3 грузовых,Монолитный,,р-н Красногвардейский,,3.0,"Академическая, Девяткино, Гражданский проспект","14 мин., 12 мин., 13 мин.",ЛСР. Недвижимость-Северо-Запад,Комфорт,Панельный,"Подземная, гостевая",Жилой комплекс,"Отделка, Парковка, Внутренний двор, Парки, Архитектура, Входная группа",,True,"3 просмотра, нет за сегодня",1 балкон,,
"Продается 1-комн. квартира, 36,7 м²",ЖК «ЛСР. Большая Охта»,"36,7 м²","10,7 м²",18 м²,2,12,2026,Не сдан,Предчистовая,Новостройка,"36,7 м²","10,7 м²",18 м²,"2,8 м",1 совмещенный,Во двор,Предчистовая,"1 пассажирский, 1 грузовой",Монолитный,,р-н Красногвардейский,3В,3.0,"Ладожская, Новочеркасская, Чернышевская","5 мин., 4 мин., 7 мин.",ЛСР. Недвижимость-Северо-Запад,Бизнес,Монолитный,Подземная,Жилой комплекс,"Отделка, Внутренний двор, Архитектура, Входная группа, Лифт",,True,"110 просмотров, 1 за сегодня",,,
"Продается 1-комн. квартира, 36,5 м²",ЖК «ЛСР. Большая Охта»,"36,5 м²","11,1 м²","17,2 м²",5,12,2025,Не сдан,Предчистовая,Новостройка,"36,5 м²","11,1 м²","17,2 м²","2,7 м",,На улицу,Предчистовая,"1 пассажирский, 1 грузовой",Монолитный,,р-н Красногвардейский,5,3.0,"Ладожская, Новочеркасская, Чернышевская","4 мин., 4 мин., 8 мин.",ЛСР. Недвижимость-Северо-Запад,Бизнес,Монолитный,Подземная,Жилой комплекс,"Отделка, Внутренний двор, Архитектура, Входная группа, Лифт",,True,"23 просмотра, 5 за сегодня",,Подземная,
"Продается 2-комн. квартира, 50,47 м²",ЖК «Парадный ансамбль»,"50,47 м²","22,3 м²","17,3 м²",3,5,2028,Не сдан,Чистовая,Новостройка,"50,47 м²","22,3 м²","17,3 м²","2,77 м",,,Чистовая,"8 пассажирских, 8 грузовых",Монолитно-кирпичный,,р-н Московский,,3.0,"Проспект Ветеранов, Юго-Западная, Ленинский проспект","23 мин., 24 мин., 25 мин.",Setl Group,Комфорт,"Монолитно-кирпичный, монолитный",Подземная,Жилой комплекс,"Отделка, Парковка, Внутренний двор, Парки, Архитектура, Входная группа",,True,"279 просмотров, 19 за сегодня",1 лоджия,,
"Продается 2-комн. квартира, 53,1 м²",ЖК «Ручьи»,"53,1 м²","23,8 м²","15,7 м²",3,20,2025,Не сдан,Чистовая,Новостройка,"53,1 м²","23,8 м²","15,7 м²","2,55 м",1 раздельный,На улицу и двор,Чистовая,"1 пассажирский, 1 грузовой",Монолитный,Есть,р-н Красногвардейский,,3.0,"Академическая, Девяткино, Гражданский проспект","14 мин., 14 мин., 14 мин.",ЛСР. Недвижимость-Северо-Запад,Комфорт,Панельный,"Подземная, гостевая",Жилой комплекс,"Отделка, Парковка, Внутренний двор, Парки, Архитектура, Входная группа",,True,"369 просмотров, 1 за сегодня",1 балкон,,
"Продается 2-комн. квартира, 52,05 м²",ЖК «Дубровский»,"52,05 м²","25,3 м²","13,4 м²",1,4,2027,Не сдан,С отделкой,Новостройка,"52,05 м²","25,3 м²","13,4 м²","2,77 м",,,С отделкой,,Монолитно-кирпичный,,р-н Пушкинский,,3.0,"Купчино, Звездная, Шушары","25 мин., 26 мин., 28 мин.",КВС,Бизнес,Монолитно-кирпичный,Гостевая,Жилой комплекс,"Отделка, Парковка, Внутренний двор, Архитектура",,True,"190 просмотров, 1 за сегодня",,,"Чистовая, Предчистовая"
"Продается 2-комн. квартира, 61,46 м²",ЖК «ЮгТаун. Олимпийские кварталы»,"61,46 м²","26,2 м²",21 м²,1,5,2027,Не сдан,Чистовая,Новостройка,"61,46 м²","26,2 м²",21 м²,,,,Чистовая,,Монолитный,,р-н Пушкинский,,3.0,"Купчино, Московская, Звездная","20 мин., 20 мин., 21 мин.",КВС,Комфорт,Монолитный,Гостевая,Жилой комплекс,"Отделка, Внутренний двор, Архитектура",,True,"204 просмотра, 3 за сегодня",,,
"Продается студия, 27,7 м²",ЖК «Передвижники»,"27,7 м²","13,7 м²","5,1 м²",4,12,2029,Не сдан,Предчистовая,Новостройка,"27,7 м²","13,7 м²","5,1 м²","3,01 м",,,Предчистовая,,Монолитный,,р-н Адмиралтейский,118аЕ,3.0,"Балтийская, Фрунзенская, Технологический институт","10 мин., 19 мин., 5 мин.",RBI,Бизнес,Монолитный,"Подземная, гостевая",Жилой комплекс,"Отделка, Парковка, Внутренний двор, Парки, Архитектура, Входная группа",,False,"14 просмотров, 2 за сегодня",,Подземная,
"Продается 1-комн. квартира, 44,7 м²",ЖК «Антверпен»,"44,7 м²",,,3,13,2029,Не сдан,Предчистовая,Новостройка,"44,7 м²",,,"2,7 м",,,Предчистовая,"2 пассажирских, 2 грузовых",Монолитно-кирпичный,,р-н Фрунзенский,,3.0,"Купчино, Дунайская, Звездная","16 мин., 5 мин., 6 мин.",,,,,,,,False,"42 просмотра, нет за сегодня",,,
"Продается студия, 24,8 м²",ЖК «Лермонтовский 54»,"24,8 м²","12,3 м²",5 м²,5,9,2025,Не сдан,Без отделки,Новостройка,"24,8 м²","12,3 м²",5 м²,3 м,1 совмещенный,На улицу,Без отделки,"1 пассажирский, 1 грузовой",Монолитный,,р-н Адмиралтейский,169,3.0,"Балтийская, Фрунзенская, Технологический институт","4 мин., 17 мин., 23 мин.",ПИК,Бизнес,Монолитный,"Подземная, гостевая",Жилой комплекс,"Отделка, Парковка, Внутренний двор, Архитектура, Входная группа, Лифт",,False,"13 просмотров, 2 за сегодня",,Открытая,"Предчистовая, Без отделки"
"Продается 1-комн. квартира, 35,2 м²",ЖК «Квартал бизнес-класса Б15»,"35,2 м²","12,8 м²","13,6 м²",3,17,2026,Не сдан,С отделкой,Новостройка,"35,2 м²","12,8 м²","13,6 м²","2,73 м",,,С отделкой,"11 пассажирских, 11 грузовых",Монолитно-кирпичный,,р-н Калининский,Б15 жилой квартал,3.0,"Лесная, Выборгская, Площадь Ленина","5 мин., 7 мин., 7 мин.",КВС,Бизнес,Монолитно-кирпичный,Подземная,Жилой комплекс,"Отделка, Внутренний двор, Архитектура, Входная группа",,True,"264 просмотра, 12 за сегодня",,,"Чистовая, Предчистовая"
"Продается 1-комн. квартира, 34,34 м²",ЖК «Квартал бизнес-класса Б15»,"34,34 м²",12 м²,"13,1 м²",5,17,2026,Не сдан,С отделкой,Новостройка,"34,34 м²",12 м²,"13,1 м²","2,73 м",,,С отделкой,"11 пассажирских, 11 грузовых",Монолитно-кирпичный,,р-н Калининский,Б15 жилой квартал,3.0,"Лесная, Выборгская, Площадь Ленина","5 мин., 7 мин., 7 мин.",КВС,Бизнес,Монолитно-кирпичный,Подземная,Жилой комплекс,"Отделка, Внутренний двор, Архитектура, Входная группа",,True,"134 просмотра, 10 за сегодня",,,"Чистовая, Предчистовая"
"Продается 1-комн. квартира, 45,7 м²",ЖК «Антверпен»,"45,7 м²",,,2,13,2029,Не сдан,Предчистовая,Новостройка,"45,7 м²",,,"2,7 м",,,Предчистовая,"2 пассажирских, 2 грузовых",Монолитно-кирпичный,,р-н Фрунзенский,,3.0,"Купчино, Дунайская, Звездная","16 мин., 5 мин., 6 мин.",,,,,,,,False,"161 просмотр, 2 за сегодня",,,
"Продается 2-комн. квартира, 50,58 м²",ЖК «ЮгТаун. Олимпийские кварталы»,"50,58 м²","26,9 м²","12,2 м²",3,5,2025,Сдан,Чистовая,Новостройка,"50,58 м²","26,9 м²","12,2 м²",,,,Чистовая,,Монолитный,,р-н Пушкинский,14,3.0,"Купчино, Московская, Звездная","20 мин., 20 мин., 21 мин.",КВС,Комфорт,Монолитный,Гостевая,Жилой комплекс,"Отделка, Внутренний двор, Архитектура",,True,"129 просмотров, 4 за сегодня",,,
"Продается студия, 25,82 м²",ЖК «Ассамблея»,"25,82 м²","12,1 м²",5 м²,1,12,2028,Не сдан,Без отделки,Новостройка,"25,82 м²","12,1 м²",5 м²,3 м,1 совмещенный,Во двор,Без отделки,"1 пассажирский, 1 грузовой",Монолитный,,р-н Василеостровский,,3.0,"Василеостровская, Горный институт, Приморская","22 мин., 16 мин., 5 мин.",,,,,,,,True,"1 просмотр, нет за сегодня",,,Без отделки
"Продается 2-комн. квартира, 58,3 м²",ЖК «PLUS Пулковский (Плюс Пулковский)»,"58,3 м²","26,4 м²","16,9 м²",1,5,2027,Не сдан,Чистовая,Новостройка,"58,3 м²","26,4 м²","16,9 м²","2,89 м","1 совмещенный, 1 раздельный",На улицу и двор,Чистовая,1 грузовой,Монолитный,,р-н Московский,,3.0,"Звездная, Проспект Ветеранов, Юго-Западная","22 мин., 23 мин., 24 мин.",ГК ПСК,Комфорт,Монолитно-кирпичный,"Подземная, отдельная многоуровневая, гостевая",Жилой комплекс,"Парковка, Внутренний двор, Архитектура, Входная группа",,False,"2 просмотра, 1 за сегодня",,,
"Продается 1-комн. квартира, 45,2 м²",ЖК «Руднева 15»,"45,2 м²","13,5 м²","19,7 м²",1,13,2024,Сдан,Чистовая,Новостройка,"45,2 м²","13,5 м²","19,7 м²","2,63 м",,Во двор,Чистовая,,Монолитный,,р-н Выборгский,2к1,3.0,"Проспект Просвещения, Гражданский проспект, Политехническая","5 мин., 6 мин., 7 мин.",,,,,,,,False,"16 просмотров, нет за сегодня",,,
"Продается 1-комн. квартира, 39,2 м²",ЖК «ЛСР. Большая Охта»,"39,2 м²","10,1 м²","18,8 м²",3,12,2027,Не сдан,Предчистовая,Новостройка,"39,2 м²","10,1 м²","18,8 м²","2,72 м",1 совмещенный,На улицу и двор,Предчистовая,"1 пассажирский, 1 грузовой",Монолитный,,р-н Красногвардейский,8к2,3.0,"Ладожская, Новочеркасская, Чернышевская","4 мин., 4 мин., 8 мин.",ЛСР. Недвижимость-Северо-Запад,Бизнес,Монолитный,Подземная,Жилой комплекс,"Отделка, Внутренний двор, Архитектура, Входная группа, Лифт",,True,"35 просмотров, нет за сегодня",,,
"Продается 1-комн. квартира, 45,02 м²",ЖК «Pulse Premier (Пульс Премьер)»,"45,02 м²","13,8 м²","18,9 м²",1,15,2026,Не сдан,Чистовая,Новостройка,"45,02 м²","13,8 м²","18,9 м²","2,65 м",,,Чистовая,18 пассажирских,Монолитно-кирпичный,,р-н Невский,,3.0,"Проспект Большевиков, Новочеркасская, Улица Дыбенко","8 мин., 7 мин., 8 мин.",Setl Group,Комфорт,Монолитный,"Отдельная многоуровневая, гостевая",Жилой комплекс,"Отделка, Парковка, Внутренний двор, Парки, Архитектура",,True,"166 просмотров, 18 за сегодня",1 лоджия,,
"Продается студия, 29,53 м²",ЖК «Дом на Курской»,"29,53 м²","15,6 м²",,4,10,2028,Не сдан,Предчистовая,Новостройка,"29,53 м²","15,6 м²",,"2,73 м",,,Предчистовая,8 пассажирских,Монолитно-кирпичный,,р-н Фрунзенский,27,3.0,"Обводный канал, Лиговский проспект, Звенигородская","8 мин., 16 мин., 24 мин.",,,,,,,,True,"85 просмотров, нет за сегодня",,,
"Продается 1-комн. квартира, 50,05 м²",ЖК «Окла (Okla)»,"50,05 м²",,,2,25,2026,Не сдан,,Новостройка,"50,05 м²",,,,,,,,Монолитный,,р-н Приморский,11к1,3.0,"Проспект Просвещения, Озерки, Удельная","11 мин., 12 мин., 13 мин.",Ленстройтрест,Комфорт,Монолитный,"Отдельная многоуровневая, гостевая",Жилой комплекс,"Отделка, Парковка, Внутренний двор, Архитектура, Входная группа, Лифт",,True,"9 просмотров, нет за сегодня",,,
"Продается 2-комн. квартира, 53,7 м²",ЖК «Клюква.Парк»,"53,7 м²",,,2,12,2028,Не сдан,Без отделки,Новостройка,"53,7 м²",,,"2,72 м",,,,"10 пассажирских, 10 грузовых",Монолитно-кирпичный,Есть,р-н Пушкинский,,3.0,"Звездная, Московская, Купчино","10 мин., 12 мин., 13 мин.",,,,,,,,False,"нет просмотров, нет за сегодня",,,
"Продается 1-комн. квартира, 41,1 м²",ЖК «Струны»,"41,1 м²","11,1 м²",16 м²,2,23,2026,Не сдан,Предчистовая,Новостройка,"41,1 м²","11,1 м²",16 м²,,,,Предчистовая,,Монолитный,Есть,р-н Выборгский,4,3.0,"Проспект Просвещения, Парнас, Озерки","17 мин., 5 мин., 8 мин.",RBI,Бизнес,Монолитный,Подземная,Жилой комплекс,"Отделка, Внутренний двор, Архитектура, Входная группа",,False,"170 просмотров, 3 за сегодня",,Подземная,
"Продается 1-комн. квартира, 56,4 м²",ЖК «Прагма city»,"56,4 м²","18,2 м²","25,1 м²",3,23,2022,Сдан,Предчистовая,Новостройка,"56,4 м²","18,2 м²","25,1 м²","2,73 м",1 совмещенный,,Предчистовая,"1 пассажирский, 2 грузовых",Монолитный,,р-н Выборгский,дор. Ольгинская,3.0,"Парнас, Проспект Просвещения, Озерки","19 мин., 7 мин., 9 мин.",,,,,,,,False,"715 просмотров, 4 за сегодня",1 балкон,Наземная,"Чистовая, Предчистовая, Без отделки"
"Продается 1-комн. квартира, 39,11 м²",ЖК «Гранат»,"39,11 м²",,,1,13,2028,Не сдан,,Новостройка,"39,11 м²",,,"2,73 м",,,,,Монолитно-кирпичный,,р-н Фрунзенский,,3.0,"Бухарестская, Международная, Волковская","16 мин., 4 мин., 6 мин.",Холдинг «РСТИ» (Росстройинвест),Комфорт,Монолитно-кирпичный,Подземная,Жилой комплекс,"Парковка, Внутренний двор, Архитектура, Входная группа, Лифт",,False,"26 просмотров, нет за сегодня",,,
"Продается 1-комн. квартира, 47,9 м²",ЖК «Тайм Сквер»,"47,9 м²",,,3,13,2025,Сдан,,Новостройка,"47,9 м²",,,"2,74 м",,,,,Монолитно-кирпичный,,р-н Приморский,99,3.0,"Комендантский проспект, Беговая, Старая Деревня","8 мин., 13 мин., 13 мин.",Холдинг «РСТИ» (Росстройинвест),Комфорт,Монолитно-кирпичный,Подземная,Жилой комплекс,"Отделка, Внутренний двор, Архитектура, Входная группа, Лифт",,False,"4 просмотра, нет за сегодня",,,
"Продается 1-комн. квартира, 38 м²",ЖК «ЛСР. Большая Охта»,38 м²,12 м²,"18,6 м²",2,12,2026,Не сдан,Предчистовая,Новостройка,38 м²,12 м²,"18,6 м²","2,8 м",1 совмещенный,Во двор,Предчистовая,"1 пассажирский, 1 грузовой",Монолитный,,р-н Красногвардейский,3В,3.0,"Ладожская, Новочеркасская, Чернышевская","5 мин., 4 мин., 7 мин.",ЛСР. Недвижимость-Северо-Запад,Бизнес,Монолитный,Подземная,Жилой комплекс,"Отделка, Внутренний двор, Архитектура, Входная группа, Лифт",,True,"30 просмотров, 2 за сегодня",,,
"Продается 1-комн. квартира, 39,6 м²",ЖК «ЛСР. Большая Охта»,"39,6 м²","10,3 м²","18,8 м²",5,12,2027,Не сдан,Предчистовая,Новостройка,"39,6 м²","10,3 м²","18,8 м²","2,72 м",1 совмещенный,На улицу и двор,Предчистовая,"1 пассажирский, 1 грузовой",Монолитный,,р-н Красногвардейский,8к2,3.0,"Ладожская, Новочеркасская, Чернышевская","4 мин., 4 мин., 8 мин.",ЛСР. Недвижимость-Северо-Запад,Бизнес,Монолитный,Подземная,Жилой комплекс,"Отделка, Внутренний двор, Архитектура, Входная группа, Лифт",,True,"14 просмотров, нет за сегодня",,,
"Продается 2-комн. квартира, 53,33 м²",ЖК «Парадный ансамбль»,"53,33 м²",22 м²,"17,4 м²",1,5,2026,Не сдан,Чистовая,Новостройка,"53,33 м²",22 м²,"17,4 м²",,,,Чистовая,3 грузовых,Монолитно-кирпичный,,р-н Московский,,3.0,"Московская, Проспект Ветеранов, Дунайская","21 мин., 23 мин., 23 мин.",Setl Group,Комфорт,"Монолитно-кирпичный, монолитный",Подземная,Жилой комплекс,"Отделка, Парковка, Внутренний двор, Парки, Архитектура, Входная группа",,True,"591 просмотр, 4 за сегодня",1 лоджия,Подземная,
"Продается 1-комн. квартира, 38,7 м²",ЖК «Гений»,"38,7 м²","10,2 м²","16,9 м²",10,20,2028,Не сдан,Предчистовая,Новостройка,"38,7 м²","10,2 м²","16,9 м²","2,75 м",,,Предчистовая,4 грузовых,Монолитный,Есть,р-н Невский,22к1Е,3.0,"Улица Дыбенко, Проспект Большевиков, Ломоносовская","13 мин., 6 мин., 9 мин.",,,,,,,,False,"137 просмотров, 3 за сегодня",,Подземная,
"Продается 2-комн. квартира, 46,76 м²",ЖК «Кронфорт.Центральный»,"46,76 м²","21,2 м²","11,8 м²",3,4,2026,Не сдан,Чистовая,Новостройка,"46,76 м²","21,2 м²","11,8 м²","3,04 м",,На улицу и двор,Чистовая,,Монолитный,,р-н Кронштадтский,,,,,ГК Алькор,Комфорт,Монолитный,"Подземная, гостевая",Жилой комплекс,"Отделка, Внутренний двор, Парки, Архитектура, Входная группа, Лифт",,False,"5716 просмотров, 68 за сегодня",,Подземная,"Чистовая, Предчистовая, Без отделки"
"Продается 1-комн. квартира, 32,55 м²",ЖК «17 линия»,"32,55 м²","9,9 м²","15,7 м²",1,10,2028,Не сдан,Предчистовая,Новостройка,"32,55 м²","9,9 м²","15,7 м²","2,73 м",1 совмещенный,,Предчистовая,"7 пассажирских, 11 грузовых",Монолитный,,р-н Василеостровский,,3.0,"Василеостровская, Горный институт, Приморская","23 мин., 25 мин., 5 мин.",,,,,,,,False,"992 просмотра, 16 за сегодня",,,"Чистовая, Предчистовая"
"Продается 1-комн. квартира, 45,3 м²",ЖК «Окла (Okla)»,"45,3 м²",,,24,25,2026,Не сдан,,Новостройка,"45,3 м²",,,,,,,,Монолитный,,р-н Приморский,11к1,3.0,"Проспект Просвещения, Озерки, Удельная","11 мин., 12 мин., 13 мин.",Ленстройтрест,Комфорт,Монолитный,"Отдельная многоуровневая, гостевая",Жилой комплекс,"Отделка, Парковка, Внутренний двор, Архитектура, Входная группа, Лифт",,True,"1 просмотр, нет за сегодня",,,
"Продается 1-комн. квартира, 36,48 м²",ЖК «НИГИЛИСТ»,"36,48 м²","7,8 м²",,11,13,2028,Не сдан,Предчистовая,Новостройка,"36,48 м²","7,8 м²",,"2,74 м",,,Предчистовая,"3 пассажирских, 3 грузовых",Монолитно-кирпичный,,р-н Фрунзенский,,3.0,"Бухарестская, Международная, Волковская","12 мин., 20 мин., 6 мин.",ГК «Bau City Development»,Бизнес,Монолитный,"Подземная, гостевая",Жилой комплекс,"Отделка, Парковка, Внутренний двор, Архитектура, Входная группа",,False,"73 просмотра, 4 за сегодня",,,"Чистовая, Предчистовая, Без отделки"
"Продается 2-комн. квартира, 42,1 м²",ЖК «Veren Next Шуваловский (Верен Некст Шуваловский)»,"42,1 м²",,,7,10,2023,Сдан,,Новостройка,"42,1 м²",,,"2,8 м",,,,,Монолитный,,р-н Приморский,79к1,3.0,"Комендантский проспект, Пионерская, Удельная","7 мин., 9 мин., 9 мин.",,,,,,,,False,"505 просмотров, 20 за сегодня",,,
"Продается 3-комн. квартира, 52,81 м²",ЖК «Полис Приморский 2»,"52,81 м²",,,12,13,2024,Сдан,,Новостройка,"52,81 м²",,,"2,77 м",,,,,Монолитный,Есть,р-н Приморский,9,3.0,"Комендантский проспект, Старая Деревня, Пионерская","11 мин., 13 мин., 16 мин.",ГК Полис,Комфорт,"Монолитно-кирпичный, монолитный","Подземная, отдельная многоуровневая, гостевая",Жилой комплекс,"Отделка, Парковка, Внутренний двор, Парки, Архитектура, Входная группа, Лифт",,False,"1458 просмотров, 20 за сегодня",,,
"Продается студия, 31,29 м²",ЖК «Регенбоген»,"31,29 м²",,,2,9,2026,Не сдан,Без отделки,Новостройка,"31,29 м²",,,"2,74 м",,,Без отделки,"13 пассажирских, 13 грузовых",Монолитный,,р-н Василеостровский,84,3.0,"Василеостровская, Спортивная, Горный институт","11 мин., 12 мин., 4 мин.",Красная Стрела,Бизнес,Монолитный,"Подземная, гостевая",Жилой комплекс,"Отделка, Парковка, Внутренний двор, Архитектура, Входная группа",,True,"551 просмотр, 16 за сегодня",,,Без отделки
"Продается 1-комн. квартира, 45,7 м²",ЖК «Руднева 15»,"45,7 м²","13,7 м²","19,6 м²",1,12,2024,Сдан,Чистовая,Новостройка,"45,7 м²","13,7 м²","19,6 м²","2,63 м",,На улицу,Чистовая,,Монолитный,,р-н Выборгский,15,3.0,"Проспект Просвещения, Гражданский проспект, Политехническая","5 мин., 7 мин., 7 мин.",,,,,,,,False,"65 просмотров, нет за сегодня",,,
"Продается студия, 26,5 м²",ЖК «Ассамблея»,"26,5 м²","12,5 м²",5 м²,1,12,2028,Не сдан,Без отделки,Новостройка,"26,5 м²","12,5 м²",5 м²,3 м,1 совмещенный,Во двор,Без отделки,"1 пассажирский, 1 грузовой",Монолитный,,р-н Василеостровский,,3.0,"Горный институт, Василеостровская, Приморская","16 мин., 22 мин., 5 мин.",,,,,,,,True,"4 просмотра, 1 за сегодня",,,Без отделки
"Продается 3-комн. квартира, 73,42 м²",ЖК «Квартал Заречье»,"73,42 м²",,,3,9,2027,Не сдан,,Новостройка,"73,42 м²",,,"2,7 м",,,,5 грузовых,Монолитный,Есть,р-н Колпинский,71Д,3.0,"Рыбацкое, Пролетарская, Обухово","17 мин., 21 мин., 21 мин.",СЗ ИнтерГрупп,Комфорт,Монолитный,"Отдельная многоуровневая, гостевая",Жилой комплекс,"Парковка, Внутренний двор, Архитектура",,False,"46 просмотров, 2 за сегодня",,,
"Продается 3-комн. квартира, 73,99 м²",ЖК «Квартал Заречье»,"73,99 м²",,,2,9,2027,Не сдан,,Новостройка,"73,99 м²",,,"2,7 м",,,,5 грузовых,Монолитный,Есть,р-н Колпинский,71Д,3.0,"Рыбацкое, Пролетарская, Обухово","17 мин., 21 мин., 21 мин.",СЗ ИнтерГрупп,Комфорт,Монолитный,"Отдельная многоуровневая, гостевая",Жилой комплекс,"Парковка, Внутренний двор, Архитектура",,False,"20 просмотров, нет за сегодня",,,
"Продается 2-комн. квартира, 76,11 м²",ЖК «Квартал Заречье»,"76,11 м²",,,5,9,2027,Не сдан,,Новостройка,"76,11 м²",,,"2,7 м",,,,5 грузовых,Монолитный,Есть,р-н Колпинский,,3.0,"Рыбацкое, Обухово, Пролетарская","18 мин., 21 мин., 22 мин.",СЗ ИнтерГрупп,Комфорт,Монолитный,"Отдельная многоуровневая, гостевая",Жилой комплекс,"Парковка, Внутренний двор, Архитектура",,False,"10 просмотров, нет за сегодня",,,
"Продается студия, 28,29 м²",ЖК «LEGENDA Васильевского»,"28,29 м²","14,6 м²","7,3 м²",8,10,2027,Не сдан,Предчистовая,Новостройка,"28,29 м²","14,6 м²","7,3 м²","2,7 м",1 совмещенный,Во двор,Предчистовая,"1 пассажирский, 1 грузовой",Монолитный,,р-н Василеостровский,,3.0,"Горный институт, Василеостровская, Приморская","15 мин., 5 мин., 6 мин.",LEGENDA Intelligent Development,Бизнес,Монолитно-кирпичный,"Подземная, гостевая",Жилой комплекс,"Парковка, Внутренний двор, Архитектура, Входная группа",,False,"34 просмотра, нет за сегодня",,,"Предчистовая, Черновая"
"Продается 2-комн. квартира, 51,63 м²",ЖК «PLUS Пулковский (Плюс Пулковский)»,"51,63 м²","25,1 м²","11,9 м²",3,5,2026,Не сдан,Чистовая,Новостройка,"51,63 м²","25,1 м²","11,9 м²","2,89 м","1 совмещенный, 1 раздельный",На улицу и двор,Чистовая,1 грузовой,Монолитный,,р-н Московский,,3.0,"Проспект Ветеранов, Юго-Западная, Ленинский проспект","23 мин., 24 мин., 25 мин.",ГК ПСК,Комфорт,Монолитно-кирпичный,"Подземная, отдельная многоуровневая, гостевая",Жилой комплекс,"Парковка, Внутренний двор, Архитектура, Входная группа",,False,"5 просмотров, 4 за сегодня",,,
"Продается 1-комн. квартира, 40,82 м²",ЖК «Северный ветер»,"40,82 м²","13,5 м²","17,6 м²",4,15,2028,Не сдан,Предчистовая,Новостройка,"40,82 м²","13,5 м²","17,6 м²","3,1 м",1 совмещенный,Во двор,Предчистовая,"13 пассажирских, 2 грузовых",Монолитный,,р-н Василеостровский,,3.0,"Приморская, Горный институт, Василеостровская","7 мин., 11 мин., 12 мин.",Брусника,Бизнес,Монолитно-кирпичный,"Подземная, гостевая",Жилой комплекс,"Отделка, Парковка, Внутренний двор, Входная группа",,True,"51 просмотр, 21 за сегодня","1 лоджия, 1 балкон",,
"Продается 1-комн. квартира, 43,8 м²",ЖК «Руднева 15»,"43,8 м²","13,9 м²","16,1 м²",1,13,2024,Сдан,Чистовая,Новостройка,"43,8 м²","13,9 м²","16,1 м²","2,63 м",1 совмещенный,На улицу и двор,Чистовая,,Монолитный,,р-н Выборгский,2к2,3.0,"Проспект Просвещения, Гражданский проспект, Политехническая","5 мин., 6 мин., 7 мин.",,,,,,,,False,"11 просмотров, нет за сегодня",,,
"Продается 1-комн. квартира, 40,7 м²",ЖК «Струны»,"40,7 м²","11,5 м²","15,9 м²",9,23,2027,Не сдан,Предчистовая,Новостройка,"40,7 м²","11,5 м²","15,9 м²","2,72 м",,,Предчистовая,,Монолитный,Есть,р-н Выборгский,,3.0,"Проспект Просвещения, Парнас, Озерки","17 мин., 6 мин., 8 мин.",RBI,Бизнес,Монолитный,Подземная,Жилой комплекс,"Отделка, Внутренний двор, Архитектура, Входная группа",,False,"126 просмотров, 5 за сегодня",,Подземная,
"Продается 2-комн. квартира, 50,8 м²",ЖК «Дубровский»,"50,8 м²",23 м²,"15,4 м²",3,4,2027,Не сдан,С отделкой,Новостройка,"50,8 м²",23 м²,"15,4 м²",,,,С отделкой,,Монолитно-кирпичный,,р-н Пушкинский,,3.0,"Купчино, Звездная, Шушары","24 мин., 25 мин., 27 мин.",КВС,Бизнес,Монолитно-кирпичный,Гостевая,Жилой комплекс,"Отделка, Парковка, Внутренний двор, Архитектура",,True,"4 просмотра, нет за сегодня",,,"Чистовая, Предчистовая"
"Продается 2-комн. квартира, 54,85 м²",ЖК «Любоград»,"54,85 м²",24 м²,18 м²,2,4,2027,Не сдан,Чистовая,Новостройка,"54,85 м²",24 м²,18 м²,"2,77 м",,,Чистовая,7 пассажирских,Монолитно-кирпичный,,р-н Петродворцовый,,3.0,"Юго-Западная, Проспект Ветеранов, Ленинский проспект","15 мин., 17 мин., 17 мин.",КВС,Комфорт,"Монолитно-кирпичный, монолитный",Гостевая,Жилой комплекс,"Отделка, Внутренний двор",,True,"53 просмотра, 3 за сегодня",,,
"Продается 1-комн. квартира, 39,3 м²",ЖК «Витебский парк»,"39,3 м²","11,6 м²","18,5 м²",8,12,2028,Не сдан,Чистовая,Новостройка,"39,3 м²","11,6 м²","18,5 м²","2,62 м",1 совмещенный,На улицу,Чистовая,"1 пассажирский, 1 грузовой",Монолитный,,р-н Фрунзенский,,3.0,"Волковская, Обводный канал, Бухарестская","23 мин., 7 мин., 7 мин.",ПИК,Комфорт,Монолитный,"Подземная, гостевая",Жилой комплекс,"Парковка, Внутренний двор, Входная группа, Лифт",,True,"2 просмотра, 2 за сегодня",,Открытая,"Чистовая, Предчистовая"
"Продается студия, 24,11 м²",ЖК «Аристократ»,"24,11 м²",18 м²,,2,8,2030,Не сдан,Чистовая,Новостройка,"24,11 м²",18 м²,,"2,72 м",,,Чистовая,9 грузовых,Монолитный,,р-н Василеостровский,1-3Р,3.0,"Горный институт, Василеостровская, Спортивная","11 мин., 5 мин., 7 мин.",Setl Group,Премиум,Кирпичный,"Подземная, гостевая",Жилой комплекс,"Отделка, Парковка, Внутренний двор, Парки, Архитектура, Входная группа, Лифт",,False,"111 просмотров, 6 за сегодня",1 балкон,,"Чистовая, Черновая"
"Продается 1-комн. квартира, 35,9 м²",ЖК «Струны»,"35,9 м²",10 м²,13 м²,18,23,2026,Не сдан,Предчистовая,Новостройка,"35,9 м²",10 м²,13 м²,,,,Предчистовая,,Монолитный,Есть,р-н Выборгский,4,3.0,"Проспект Просвещения, Парнас, Озерки","17 мин., 5 мин., 8 мин.",RBI,Бизнес,Монолитный,Подземная,Жилой комплекс,"Отделка, Внутренний двор, Архитектура, Входная группа",,False,"56 просмотров, 3 за сегодня",,Подземная,
"Продается 2-комн. квартира, 65,09 м²",ЖК «Образцовый квартал 6.4»,"65,09 м²",28 м²,"20,5 м²",3,4,2028,Не сдан,Предчистовая,Новостройка,"65,09 м²",28 м²,"20,5 м²","2,87 м",1 совмещенный,,Предчистовая,1 пассажирский,Монолитно-кирпичный,,р-н Пушкинский,,3.0,"Купчино, Звездная, Проспект Ветеранов","20 мин., 21 мин., 22 мин.",,,,,,,,True,"17 просмотров, нет за сегодня",1 балкон,Наземная,
"Продается 1-комн. квартира, 48,1 м²",ЖК «Руднева 15»,"48,1 м²","12,8 м²","20,3 м²",1,12,2024,Сдан,Чистовая,Новостройка,"48,1 м²","12,8 м²","20,3 м²","2,63 м",,Во двор,Чистовая,,Монолитный,,р-н Выборгский,15,3.0,"Проспект Просвещения, Гражданский проспект, Политехническая","5 мин., 7 мин., 7 мин.",,,,,,,,False,"51 просмотр, 2 за сегодня",,,
"Продается 1-комн. квартира, 36,7 м²",ЖК «ЛСР. Большая Охта»,"36,7 м²","10,8 м²","18,3 м²",2,10,2026,Не сдан,Предчистовая,Новостройка,"36,7 м²","10,8 м²","18,3 м²","2,7 м",1 совмещенный,На улицу,Предчистовая,"1 пассажирский, 1 грузовой",Монолитный,,р-н Красногвардейский,,3.0,"Ладожская, Новочеркасская, Чернышевская","4 мин., 4 мин., 8 мин.",ЛСР. Недвижимость-Северо-Запад,Бизнес,Монолитный,Подземная,Жилой комплекс,"Отделка, Внутренний двор, Архитектура, Входная группа, Лифт",,True,"264 просмотра, 5 за сегодня",,,
"Продается 1-комн. квартира, 48,7 м²",ЖК «Руднева 15»,"48,7 м²","13,5 м²","18,6 м²",1,13,2024,Сдан,Чистовая,Новостройка,"48,7 м²","13,5 м²","18,6 м²","2,63 м",1 совмещенный,Во двор,Чистовая,,Монолитный,,р-н Выборгский,2к1,3.0,"Проспект Просвещения, Гражданский проспект, Политехническая","5 мин., 6 мин., 7 мин.",,,,,,,,False,"19 просмотров, нет за сегодня",,,
"Продается 1-комн. квартира, 41,8 м²",ЖК «ЛСР. Большая Охта»,"41,8 м²","12,7 м²","18,1 м²",4,12,2027,Не сдан,Предчистовая,Новостройка,"41,8 м²","12,7 м²","18,1 м²","2,72 м","1 совмещенный, 1 раздельный",Во двор,Предчистовая,,Монолитный,,р-н Красногвардейский,8к2,3.0,"Ладожская, Новочеркасская, Чернышевская","4 мин., 4 мин., 8 мин.",ЛСР. Недвижимость-Северо-Запад,Бизнес,Монолитный,Подземная,Жилой комплекс,"Отделка, Внутренний двор, Архитектура, Входная группа, Лифт",,True,"81 просмотр, нет за сегодня",,,
"Продается 2-комн. квартира, 57,98 м²",ЖК «ЦДС Dreamline (Дримлайн)»,"57,98 м²",,,3,17,2027,Не сдан,,Новостройка,"57,98 м²",,,"2,75 м",,,,"16 пассажирских, 2 грузовых",Монолитный,,р-н Приморский,24,3.0,"Комендантский проспект, Старая Деревня, Пионерская","11 мин., 11 мин., 12 мин.",ЦДС,Комфорт,"Монолитный, кирпичный",Отдельная многоуровневая,Жилой комплекс,"Парковка, Внутренний двор, Архитектура, Входная группа, Лифт",,False,"119 просмотров, 9 за сегодня",,,
"Продается 1-комн. квартира, 35,71 м²",ЖК «Астра Континенталь»,"35,71 м²","10,2 м²",17 м²,1,11,2028,Не сдан,Чистовая,Новостройка,"35,71 м²","10,2 м²",17 м²,"2,77 м",,,Чистовая,"23 пассажирских, 23 грузовых",Монолитно-кирпичный,,р-н Невский,,3.0,"Елизаровская, Площадь Александра Невского, Обводный канал","16 мин., 7 мин., 8 мин.",Setl Group,Комфорт,Монолитно-кирпичный,Гостевая,Жилой комплекс,"Отделка, Внутренний двор, Парки, Архитектура, Входная группа, Лифт",,True,"31 просмотр, 1 за сегодня",1 лоджия,Подземная,
"Продается 1-комн. квартира, 32,01 м²",ЖК «Астра Континенталь»,"32,01 м²",10 м²,15 м²,2,11,2028,Не сдан,Чистовая,Новостройка,"32,01 м²",10 м²,15 м²,"2,77 м",,,Чистовая,"23 пассажирских, 23 грузовых",Монолитно-кирпичный,,р-н Невский,,3.0,"Елизаровская, Площадь Александра Невского, Обводный канал","16 мин., 7 мин., 8 мин.",Setl Group,Комфорт,Монолитно-кирпичный,Гостевая,Жилой комплекс,"Отделка, Внутренний двор, Парки, Архитектура, Входная группа, Лифт",,True,"5 просмотров, нет за сегодня",1 лоджия,Подземная,
"Продается 2-комн. квартира, 61,93 м²",ЖК «ЮгТаун. Олимпийские кварталы»,"61,93 м²","26,5 м²","20,3 м²",2,5,2027,Не сдан,Чистовая,Новостройка,"61,93 м²","26,5 м²","20,3 м²",,,,Чистовая,,Монолитный,,р-н Пушкинский,,3.0,"Купчино, Московская, Звездная","20 мин., 20 мин., 21 мин.",КВС,Комфорт,Монолитный,Гостевая,Жилой комплекс,"Отделка, Внутренний двор, Архитектура",,True,"22 просмотра, нет за сегодня",,,
"Продается 1-комн. квартира, 57,1 м²",ЖК «Прагма city»,"57,1 м²","18,2 м²",25 м²,18,23,2022,Сдан,Предчистовая,Новостройка,"57,1 м²","18,2 м²",25 м²,"2,73 м","1 совмещенный, 1 раздельный",,Предчистовая,"1 пассажирский, 2 грузовых",Монолитный,,р-н Выборгский,дор. Ольгинская,3.0,"Парнас, Проспект Просвещения, Озерки","19 мин., 7 мин., 9 мин.",,,,,,,,False,"164 просмотра, 6 за сегодня",1 балкон,Наземная,"Чистовая, Предчистовая, Без отделки"
"Продается 2-комн. квартира, 46,52 м²",ЖК «Аквилон All In 3.0»,"46,52 м²",,,2,12,2025,Не сдан,,Новостройка,"46,52 м²",,,"2,72 м",,,,11 грузовых,Монолитно-кирпичный,,р-н Пушкинский,,3.0,"Звездная, Купчино, Шушары","12 мин., 13 мин., 13 мин.",Группа Аквилон,Комфорт,Монолитно-кирпичный,"Подземная, гостевая",Жилой комплекс,"Отделка, Парковка, Внутренний двор, Архитектура, Входная группа, Лифт",,False,"3 просмотра, 1 за сегодня",,,
"Продается 2-комн. квартира, 53,22 м²",ЖК «Окла (Okla)»,"53,22 м²",,,1,7,2027,Не сдан,,Новостройка,"53,22 м²",,,,,,,,Монолитный,,р-н Приморский,,3.0,"Проспект Просвещения, Озерки, Парнас","11 мин., 11 мин., 12 мин.",Ленстройтрест,Комфорт,Монолитный,"Отдельная многоуровневая, гостевая",Жилой комплекс,"Отделка, Парковка, Внутренний двор, Архитектура, Входная группа, Лифт",,True,"10 просмотров, 1 за сегодня",,,
"Продается 1-комн. квартира, 44,5 м²",ЖК «Руднева 15»,"44,5 м²","13,2 м²","19,9 м²",1,13,2024,Сдан,Чистовая,Новостройка,"44,5 м²","13,2 м²","19,9 м²","2,63 м",,Во двор,Чистовая,,Монолитный,,р-н Выборгский,2к2,3.0,"Проспект Просвещения, Гражданский проспект, Политехническая","5 мин., 6 мин., 7 мин.",,,,,,,,False,"4 просмотра, нет за сегодня",,,
"Продается 2-комн. квартира, 60,28 м²",ЖК «ЮгТаун. Олимпийские кварталы»,"60,28 м²","26,1 м²",20 м²,4,5,2027,Не сдан,Чистовая,Новостройка,"60,28 м²","26,1 м²",20 м²,,,,Чистовая,,Монолитный,,р-н Пушкинский,,3.0,"Купчино, Московская, Звездная","20 мин., 20 мин., 21 мин.",КВС,Комфорт,Монолитный,Гостевая,Жилой комплекс,"Отделка, Внутренний двор, Архитектура",,True,"57 просмотров, 1 за сегодня",,,
"Продается 2-комн. квартира, 62,59 м²",ЖК «ЮгТаун. Олимпийские кварталы»,"62,59 м²","27,2 м²","20,4 м²",1,5,2027,Не сдан,Чистовая,Новостройка,"62,59 м²","27,2 м²","20,4 м²",,,,Чистовая,,Монолитный,,р-н Пушкинский,,3.0,"Купчино, Московская, Звездная","20 мин., 20 мин., 21 мин.",КВС,Комфорт,Монолитный,Гостевая,Жилой комплекс,"Отделка, Внутренний двор, Архитектура",,True,"13 просмотров, нет за сегодня",,,
"Продается 2-комн. квартира, 60,1 м²",ЖК «Монография»,"60,1 м²",,,10,12,2025,Сдан,,Новостройка,"60,1 м²",,,"2,72 м",,,,30 пассажирских,Монолитный,Есть,р-н Пушкинский,14к1,3.0,"Звездная, Купчино, Шушары","10 мин., 13 мин., 13 мин.",Группа Эталон,Комфорт,Монолитный,Подземная,Жилой комплекс,"Парковка, Внутренний двор, Архитектура, Входная группа, Лифт",,False,"11 просмотров, 1 за сегодня",,,
"Продается 2-комн. квартира, 59 м²",ЖК «Клюква.Парк»,59 м²,,,2,12,2028,Не сдан,Без отделки,Новостройка,59 м²,,,"2,72 м",,,,"10 пассажирских, 10 грузовых",Монолитно-кирпичный,Есть,р-н Пушкинский,,3.0,"Звездная, Московская, Купчино","10 мин., 12 мин., 13 мин.",,,,,,,,False,"2 просмотра, нет за сегодня",,,
"Продается 3-комн. квартира, 88,9 м²",ЖК «Granholm Village (Гранхолм Вилладж)»,"88,9 м²",,,1,6,2023,Сдан,,Новостройка,"88,9 м²",,,,,,,,Монолитно-кирпичный,Есть,р-н Курортный,3к1,,,,,,,,,,,False,"68 просмотров, 2 за сегодня",,,
"Продается 2-комн. квартира, 54,8 м²",ЖК «ЦДС Dreamline (Дримлайн)»,"54,8 м²",,,2,17,2027,Не сдан,,Новостройка,"54,8 м²",,,,,,,2 грузовых,Монолитный,,р-н Приморский,24,3.0,"Комендантский проспект, Пионерская, Старая Деревня","7 мин., 10 мин., 10 мин.",ЦДС,Комфорт,"Монолитный, кирпичный",Отдельная многоуровневая,Жилой комплекс,"Парковка, Внутренний двор, Архитектура, Входная группа, Лифт",,False,"158 просмотров, 8 за сегодня",,,
"Продается студия, 31,62 м²",ЖК «Регенбоген»,"31,62 м²",,,3,9,2026,Не сдан,Без отделки,Новостройка,"31,62 м²",,,"2,74 м",,,Без отделки,"13 пассажирских, 13 грузовых",Монолитный,,р-н Василеостровский,84,3.0,"Василеостровская, Спортивная, Горный институт","11 мин., 12 мин., 4 мин.",Красная Стрела,Бизнес,Монолитный,"Подземная, гостевая",Жилой комплекс,"Отделка, Парковка, Внутренний двор, Архитектура, Входная группа",,True,"200 просмотров, 3 за сегодня",,,Без отделки
"Продается студия, 30,81 м²",ЖК «Галерная гавань»,"30,81 м²","17,4 м²",5 м²,2,12,2028,Не сдан,Без отделки,Новостройка,"30,81 м²","17,4 м²",5 м²,"3,02 м",1 совмещенный,Во двор,Без отделки,"1 пассажирский, 1 грузовой",Монолитный,Есть,р-н Василеостровский,Галерная гавань жилой комплекс,3.0,"Горный институт, Приморская, Василеостровская","6 мин., 8 мин., 9 мин.",,,,,,,,False,"21 просмотр, 1 за сегодня",,,Без отделки
"Продается 2-комн. квартира, 58,89 м²",ЖК «PLUS Пулковский (Плюс Пулковский)»,"58,89 м²","29,8 м²","10,3 м²",1,5,2027,Не сдан,Чистовая,Новостройка,"58,89 м²","29,8 м²","10,3 м²","2,89 м","1 совмещенный, 1 раздельный",На улицу и двор,Чистовая,1 грузовой,Монолитный,,р-н Московский,,3.0,"Звездная, Проспект Ветеранов, Юго-Западная","22 мин., 23 мин., 24 мин.",ГК ПСК,Комфорт,Монолитно-кирпичный,"Подземная, отдельная многоуровневая, гостевая",Жилой комплекс,"Парковка, Внутренний двор, Архитектура, Входная группа",,False,"1 просмотр, нет за сегодня",1 балкон,,
"Продается 1-комн. квартира, 35,2 м²",ЖК «Цивилизация на Неве»,"35,2 м²","14,8 м²","12,7 м²",2,15,2024,Сдан,Предчистовая,Новостройка,"35,2 м²","14,8 м²","12,7 м²","2,97 м",1 совмещенный,На улицу и двор,Предчистовая,1 пассажирский,Монолитный,Есть,р-н Невский,3,3.0,"Улица Дыбенко, Ломоносовская, Проспект Большевиков","7 мин., 7 мин., 7 мин.",ЛСР. Недвижимость-Северо-Запад,Бизнес,Монолитный,"Отдельная многоуровневая, гостевая",Жилой комплекс,"Отделка, Парковка, Внутренний двор, Парки, Архитектура, Входная группа, Лифт",,True,"600 просмотров, 7 за сегодня",,,
"Продается 2-комн. квартира, 54,38 м²",ЖК «Парадный ансамбль»,"54,38 м²","23,9 м²","18,7 м²",2,5,2028,Не сдан,Чистовая,Новостройка,"54,38 м²","23,9 м²","18,7 м²","2,77 м",,,Чистовая,"9 пассажирских, 9 грузовых",Монолитно-кирпичный,,р-н Московский,,3.0,"Проспект Ветеранов, Юго-Западная, Ленинский проспект","23 мин., 24 мин., 25 мин.",Setl Group,Комфорт,"Монолитно-кирпичный, монолитный",Подземная,Жилой комплекс,"Отделка, Парковка, Внутренний двор, Парки, Архитектура, Входная группа",,True,"68 просмотров, 10 за сегодня",1 лоджия,,
"Продается 2-комн. квартира, 54,5 м²",ЖК «Клюква.Парк»,"54,5 м²",,,7,12,2028,Не сдан,Без отделки,Новостройка,"54,5 м²",,,"2,72 м",,,,"10 пассажирских, 10 грузовых",Монолитно-кирпичный,Есть,р-н Пушкинский,,3.0,"Звездная, Московская, Купчино","10 мин., 12 мин., 13 мин.",,,,,,,,False,"2 просмотра, нет за сегодня",,,
"Продается 2-комн. квартира, 55,63 м²",ЖК «Дубровский»,"55,63 м²","27,9 м²","15,2 м²",1,4,2027,Не сдан,С отделкой,Новостройка,"55,63 м²","27,9 м²","15,2 м²",,,,С отделкой,,Монолитно-кирпичный,,р-н Пушкинский,,3.0,"Купчино, Звездная, Шушары","24 мин., 25 мин., 27 мин.",КВС,Бизнес,Монолитно-кирпичный,Гостевая,Жилой комплекс,"Отделка, Парковка, Внутренний двор, Архитектура",,True,"13 просмотров, нет за сегодня",,,"Чистовая, Предчистовая"
"Продается 2-комн. квартира, 57,72 м²",ЖК «Любоград»,"57,72 м²","25,3 м²","18,6 м²",1,4,2027,Не сдан,Чистовая,Новостройка,"57,72 м²","25,3 м²","18,6 м²","2,77 м",,,Чистовая,6 пассажирских,Монолитно-кирпичный,,р-н Петродворцовый,,3.0,"Юго-Западная, Проспект Ветеранов, Ленинский проспект","15 мин., 17 мин., 18 мин.",КВС,Комфорт,"Монолитно-кирпичный, монолитный",Гостевая,Жилой комплекс,"Отделка, Внутренний двор",,True,"186 просмотров, 2 за сегодня",,,
"Продается 1-комн. квартира, 39,34 м²",ЖК «Титул в Московском»,"39,34 м²","13,3 м²",17 м²,5,11,2028,Не сдан,Чистовая,Новостройка,"39,34 м²","13,3 м²",17 м²,"2,77 м",,,Чистовая,"8 пассажирских, 8 грузовых",Монолитно-кирпичный,,р-н Московский,,3.0,"Московская, Ленинский проспект, Звездная","7 мин., 4 мин., 5 мин.",Setl Group,Комфорт,Монолитно-кирпичный,"Подземная, гостевая",Жилой комплекс,"Отделка, Парковка, Внутренний двор, Архитектура, Входная группа, Лифт",,True,"9 просмотров, 2 за сегодня",1 лоджия,,
"Продается 1-комн. квартира, 44,43 м²",ЖК «ORO by Akvilon (ОРО от Аквилон)»,"44,43 м²",,,3,17,2027,Не сдан,Без отделки,Новостройка,"44,43 м²",,,"2,85 м",,На улицу и двор,,,Монолитно-кирпичный,,р-н Московский,13ВА,3.0,"Звездная, Купчино, Московская","18 мин., 6 мин., 8 мин.",Группа Аквилон,Бизнес,Монолитно-кирпичный,Подземная,Жилой комплекс,"Отделка, Парковка, Внутренний двор, Архитектура, Входная группа",,False,"1 просмотр, нет за сегодня",,,
"Продается 1-комн. квартира, 45,99 м²",ЖК «ORO by Akvilon (ОРО от Аквилон)»,"45,99 м²",,,2,17,2027,Не сдан,Без отделки,Новостройка,"45,99 м²",,,"2,85 м",,На улицу и двор,,"12 пассажирских, 3 грузовых",Монолитно-кирпичный,,р-н Московский,13ВА,3.0,"Звездная, Купчино, Московская","15 мин., 6 мин., 8 мин.",Группа Аквилон,Бизнес,Монолитно-кирпичный,Подземная,Жилой комплекс,"Отделка, Парковка, Внутренний двор, Архитектура, Входная группа",,False,"1 просмотр, нет за сегодня",,,
"Продается 2-комн. квартира, 46,03 м²",ЖК «Аквилон All In 3.0»,"46,03 м²",,,9,12,2025,Не сдан,,Новостройка,"46,03 м²",,,"2,72 м",,,,11 грузовых,Монолитно-кирпичный,,р-н Пушкинский,,3.0,"Звездная, Купчино, Шушары","12 мин., 13 мин., 13 мин.",Группа Аквилон,Комфорт,Монолитно-кирпичный,"Подземная, гостевая",Жилой комплекс,"Отделка, Парковка, Внутренний двор, Архитектура, Входная группа, Лифт",,False,"7 просмотров, 3 за сегодня",,,
"Продается 2-комн. квартира, 60 м²",ЖК «Клюква.Парк»,60 м²,,,5,12,2028,Не сдан,Без отделки,Новостройка,60 м²,,,"2,72 м",,,,"10 пассажирских, 10 грузовых",Монолитно-кирпичный,Есть,р-н Пушкинский,,3.0,"Звездная, Московская, Купчино","10 мин., 12 мин., 13 мин.",,,,,,,,False,"14 просмотров, 1 за сегодня",,,
"Продается 2-комн. квартира, 50,72 м²",ЖК «Старлайт»,"50,72 м²",,,21,25,2027,Не сдан,,Новостройка,"50,72 м²",,,"2,74 м",,,,"2 пассажирских, 8 грузовых",Монолитный,,р-н Красногвардейский,67,3.0,"Девяткино, Гражданский проспект, Академическая","22 мин., 6 мин., 10 мин.",ГК Лидер Групп,Комфорт,Монолитный,Подземная,Жилой комплекс,"Отделка, Внутренний двор, Архитектура, Входная группа",,False,"63 просмотра, 3 за сегодня",,,
"Продается 1-комн. квартира, 40,52 м²",ЖК «Гранат»,"40,52 м²",,,1,13,2028,Не сдан,,Новостройка,"40,52 м²",,,"3,03 м",,,,,Монолитно-кирпичный,,р-н Фрунзенский,10к2Д,3.0,"Бухарестская, Международная, Волковская","16 мин., 4 мин., 6 мин.",Холдинг «РСТИ» (Росстройинвест),Комфорт,Монолитно-кирпичный,Подземная,Жилой комплекс,"Парковка, Внутренний двор, Архитектура, Входная группа, Лифт",,False,"64 просмотра, 3 за сегодня",,,
"Продается 3-комн. квартира, 78,73 м²",ЖК «Квартал Заречье»,"78,73 м²",,,1,9,2027,Не сдан,,Новостройка,"78,73 м²",,,"2,7 м",,,,5 грузовых,Монолитный,Есть,р-н Колпинский,,3.0,"Рыбацкое, Обухово, Пролетарская","18 мин., 21 мин., 22 мин.",СЗ ИнтерГрупп,Комфорт,Монолитный,"Отдельная многоуровневая, гостевая",Жилой комплекс,"Парковка, Внутренний двор, Архитектура",,False,"17 просмотров, нет за сегодня",,,
"Продается 2-комн. квартира, 57,3 м²",ЖК «PLUS Пулковский (Плюс Пулковский)»,"57,3 м²",31 м²,"12,5 м²",3,5,2027,Не сдан,Чистовая,Новостройка,"57,3 м²",31 м²,"12,5 м²","2,89 м","1 совмещенный, 1 раздельный",На улицу и двор,Чистовая,1 грузовой,Монолитный,,р-н Московский,,3.0,"Звездная, Проспект Ветеранов, Юго-Западная","22 мин., 23 мин., 24 мин.",ГК ПСК,Комфорт,Монолитно-кирпичный,"Подземная, отдельная многоуровневая, гостевая",Жилой комплекс,"Парковка, Внутренний двор, Архитектура, Входная группа",,False,"7 просмотров, 1 за сегодня",1 лоджия,,
"Продается 1-комн. квартира, 51,7 м²",ЖК «Пулково Лейк»,"51,7 м²","11,1 м²","16,3 м²",4,4,2026,Не сдан,Чистовая,Новостройка,"51,7 м²","11,1 м²","16,3 м²","2,6 м","1 совмещенный, 1 раздельный",Во двор,Чистовая,"12 пассажирских, 1 грузовой",Панельный,,р-н Пушкинский,,3.0,"Московская, Купчино, Звездная","22 мин., 20 мин., 21 мин.",ЛСР. Недвижимость-Северо-Запад,Комфорт,Панельный,Гостевая,Жилой комплекс,"Отделка, Внутренний двор, Парки, Архитектура, Входная группа",,True,"322 просмотра, 7 за сегодня",,,
"Продается 1-комн. квартира, 41,3 м²",ЖК «Витебский парк»,"41,3 м²","10,2 м²",16 м²,2,12,2028,Не сдан,Чистовая,Новостройка,"41,3 м²","10,2 м²",16 м²,"2,62 м",1 совмещенный,На улицу,Чистовая,"1 пассажирский, 1 грузовой",Монолитный,,р-н Фрунзенский,,3.0,"Волковская, Обводный канал, Бухарестская","23 мин., 7 мин., 7 мин.",ПИК,Комфорт,Монолитный,"Подземная, гостевая",Жилой комплекс,"Парковка, Внутренний двор, Входная группа, Лифт",,True,"144 просмотра, 1 за сегодня",,Открытая,"Чистовая, Предчистовая"
"Продается 1-комн. квартира, 39,7 м²",ЖК «Витебский парк»,"39,7 м²","12,3 м²","20,3 м²",5,12,2028,Не сдан,Чистовая,Новостройка,"39,7 м²","12,3 м²","20,3 м²","2,62 м",1 совмещенный,На улицу,Чистовая,"1 пассажирский, 1 грузовой",Монолитный,,р-н Фрунзенский,,3.0,"Волковская, Обводный канал, Бухарестская","23 мин., 7 мин., 7 мин.",ПИК,Комфорт,Монолитный,"Подземная, гостевая",Жилой комплекс,"Парковка, Внутренний двор, Входная группа, Лифт",,True,"нет просмотров, нет за сегодня",,Открытая,"Чистовая, Предчистовая"
"Продается студия, 23,4 м²",ЖК «Клубный дом N8»,"23,4 м²","14,8 м²",,2,10,2027,Не сдан,Без отделки,Новостройка,"23,4 м²","14,8 м²",,,,На улицу и двор,Без отделки,"1 пассажирский, 1 грузовой",Монолитный,,р-н Центральный,11,3.0,"Площадь Александра Невского, Площадь Восстания, Маяковская","19 мин., 22 мин., 25 мин.",ГК ФСК,Бизнес,Монолитный,Подземная,Клубный дом,"Парковка, Внутренний двор, Парки, Архитектура, Входная группа, Лифт",,True,"1337 просмотров, 13 за сегодня",,,
"Продается 1-комн. квартира, 45,4 м²",ЖК «ORO by Akvilon (ОРО от Аквилон)»,"45,4 м²",,,4,17,2027,Не сдан,Без отделки,Новостройка,"45,4 м²",,,"2,85 м",,На улицу и двор,,"12 пассажирских, 3 грузовых",Монолитно-кирпичный,,р-н Московский,13ВА,3.0,"Звездная, Купчино, Московская","15 мин., 6 мин., 8 мин.",Группа Аквилон,Бизнес,Монолитно-кирпичный,Подземная,Жилой комплекс,"Отделка, Парковка, Внутренний двор, Архитектура, Входная группа",,False,"9 просмотров, 1 за сегодня",,,
"Продается 2-комн. квартира, 54,22 м²",ЖК «Окла (Okla)»,"54,22 м²",,,1,7,2027,Не сдан,,Новостройка,"54,22 м²",,,,,,,,Монолитный,,р-н Приморский,,3.0,"Проспект Просвещения, Озерки, Парнас","11 мин., 11 мин., 12 мин.",Ленстройтрест,Комфорт,Монолитный,"Отдельная многоуровневая, гостевая",Жилой комплекс,"Отделка, Парковка, Внутренний двор, Архитектура, Входная группа, Лифт",,True,"8 просмотров, 1 за сегодня",,,
"Продается студия, 29,54 м²",ЖК «Остров первых»,"29,54 м²","16,6 м²",,6,9,2029,Не сдан,Без отделки,Новостройка,"29,54 м²","16,6 м²",,"2,85 м",,,,17 пассажирских,Монолитно-кирпичный,Есть,Перевозная ул.,,3.0,"Садовая, Балтийская, Сенная площадь","6 мин., 6 мин., 6 мин.",,,,,,,,False,"304 просмотра, 3 за сегодня",,Подземная,
"Продается 3-комн. квартира, 88,1 м²",ЖК «Мариоки»,"88,1 м²","51,9 м²",15 м²,4,8,2022,Сдан,Без отделки,Новостройка,"88,1 м²","51,9 м²",15 м²,"2,75 м","1 совмещенный, 1 раздельный",На улицу,Без отделки,,Монолитно-кирпичный,,р-н Курортный,ул. Правды,,,,Строительный холдинг Сенатор,Комфорт,Монолитно-кирпичный,Подземная,Жилой комплекс,"Парковка, Внутренний двор, Парки",,False,"299 просмотров, 15 за сегодня",1 балкон,,Без отделки
"Продается 3-комн. квартира, 76,47 м²",ЖК «Образцовый квартал 16»,"76,47 м²","44,3 м²",10 м²,1,4,2026,Не сдан,Предчистовая,Новостройка,"76,47 м²","44,3 м²",10 м²,"2,87 м",1 совмещенный,,Предчистовая,1 пассажирский,Монолитно-кирпичный,,р-н Пушкинский,3,3.0,"Купчино, Московская, Звездная","20 мин., 20 мин., 21 мин.",,,,,,,,True,"331 просмотр, 5 за сегодня",1 балкон,Наземная,
"Продается 1-комн. квартира, 49,5 м²",ЖК «Руднева 15»,"49,5 м²","12,9 м²","21,5 м²",1,12,2024,Сдан,Чистовая,Новостройка,"49,5 м²","12,9 м²","21,5 м²","2,63 м",,Во двор,Чистовая,,Монолитный,,р-н Выборгский,15,3.0,"Проспект Просвещения, Гражданский проспект, Политехническая","5 мин., 7 мин., 7 мин.",,,,,,,,False,"73 просмотра, 1 за сегодня",,,
"Продается 1-комн. квартира, 45,4 м²",ЖК «Руднева 15»,"45,4 м²","13,6 м²","19,6 м²",12,12,2024,Сдан,Чистовая,Новостройка,"45,4 м²","13,6 м²","19,6 м²","2,63 м",,На улицу,Чистовая,,Монолитный,,р-н Выборгский,15,3.0,"Проспект Просвещения, Гражданский проспект, Политехническая","5 мин., 7 мин., 7 мин.",,,,,,,,False,"219 просмотров, 9 за сегодня",,,
"Продается 3-комн. квартира, 61,8 м²",ЖК «PLUS Пулковский (Плюс Пулковский)»,"61,8 м²","33,7 м²","10,6 м²",1,5,2027,Не сдан,Чистовая,Новостройка,"61,8 м²","33,7 м²","10,6 м²","2,89 м","1 совмещенный, 1 раздельный",На улицу и двор,Чистовая,1 грузовой,Монолитный,,р-н Московский,,3.0,"Звездная, Проспект Ветеранов, Юго-Западная","22 мин., 23 мин., 24 мин.",ГК ПСК,Комфорт,Монолитно-кирпичный,"Подземная, отдельная многоуровневая, гостевая",Жилой комплекс,"Парковка, Внутренний двор, Архитектура, Входная группа",,False,"10 просмотров, 2 за сегодня",,,
"Продается 1-комн. квартира, 45,88 м²",ЖК «Цивилизация на Неве»,"45,88 м²",29 м²,"6,3 м²",12,18,2027,Не сдан,Предчистовая,Новостройка,"45,88 м²",29 м²,"6,3 м²","2,82 м","1 совмещенный, 1 раздельный",Во двор,Предчистовая,"1 пассажирский, 1 грузовой",Монолитный,Есть,р-н Невский,,3.0,"Улица Дыбенко, Ломоносовская, Проспект Большевиков","7 мин., 7 мин., 7 мин.",ЛСР. Недвижимость-Северо-Запад,Бизнес,Монолитный,"Отдельная многоуровневая, гостевая",Жилой комплекс,"Отделка, Парковка, Внутренний двор, Парки, Архитектура, Входная группа, Лифт",,True,"54 просмотра, 1 за сегодня",1 лоджия,,
"Продается 1-комн. квартира, 54,1 м²",ЖК «Пулково Лейк»,"54,1 м²","11,2 м²",17 м²,4,4,2026,Не сдан,Чистовая,Новостройка,"54,1 м²","11,2 м²",17 м²,"2,6 м","1 совмещенный, 1 раздельный",Во двор,Чистовая,"1 пассажирский, 8 грузовых",Панельный,,р-н Пушкинский,,3.0,"Московская, Купчино, Звездная","22 мин., 20 мин., 21 мин.",ЛСР. Недвижимость-Северо-Запад,Комфорт,Панельный,Гостевая,Жилой комплекс,"Отделка, Внутренний двор, Парки, Архитектура, Входная группа",,True,"313 просмотров, 3 за сегодня",,Подземная,
"Продается 1-комн. квартира, 38,5 м²",ЖК «ЛСР. Большая Охта»,"38,5 м²",26 м²,5 м²,11,12,2026,Не сдан,Предчистовая,Новостройка,"38,5 м²",26 м²,5 м²,"2,95 м",1 совмещенный,Во двор,Предчистовая,"1 пассажирский, 1 грузовой",Монолитный,,р-н Красногвардейский,3В,3.0,"Ладожская, Новочеркасская, Чернышевская","5 мин., 4 мин., 7 мин.",ЛСР. Недвижимость-Северо-Запад,Бизнес,Монолитный,Подземная,Жилой комплекс,"Отделка, Внутренний двор, Архитектура, Входная группа, Лифт",,True,"84 просмотра, нет за сегодня",,,
"Продается 2-комн. квартира, 65,1 м²",ЖК «Клюква.Парк»,"65,1 м²",,,2,12,2028,Не сдан,Без отделки,Новостройка,"65,1 м²",,,"2,72 м",,,,"10 пассажирских, 10 грузовых",Монолитно-кирпичный,Есть,р-н Пушкинский,,3.0,"Звездная, Московская, Купчино","10 мин., 12 мин., 13 мин.",,,,,,,,False,"3 просмотра, нет за сегодня",,,
"Продается 2-комн. квартира, 56,52 м²",ЖК «Дубровский»,"56,52 м²","22,5 м²","19,5 м²",1,4,2027,Не сдан,С отделкой,Новостройка,"56,52 м²","22,5 м²","19,5 м²",,,,С отделкой,,Монолитно-кирпичный,,р-н Пушкинский,,3.0,"Купчино, Звездная, Шушары","24 мин., 25 мин., 27 мин.",КВС,Бизнес,Монолитно-кирпичный,Гостевая,Жилой комплекс,"Отделка, Парковка, Внутренний двор, Архитектура",,True,"11 просмотров, 1 за сегодня",,,"Чистовая, Предчистовая"
"Продается 1-комн. квартира, 43,8 м²",ЖК «Витебский парк»,"43,8 м²","10,1 м²","16,3 м²",7,12,2028,Не сдан,Предчистовая,Новостройка,"43,8 м²","10,1 м²","16,3 м²","2,68 м",1 совмещенный,На улицу,Предчистовая,2 пассажирских,Монолитный,,р-н Фрунзенский,,3.0,"Волковская, Обводный канал, Бухарестская","23 мин., 7 мин., 7 мин.",ПИК,Комфорт,Монолитный,"Подземная, гостевая",Жилой комплекс,"Парковка, Внутренний двор, Входная группа, Лифт",,True,"12 просмотров, нет за сегодня",,Открытая,"Чистовая, Предчистовая"
"Продается 1-комн. квартира, 40,97 м²",ЖК «Титул в Московском»,"40,97 м²","13,4 м²","17,6 м²",8,12,2028,Не сдан,Чистовая,Новостройка,"40,97 м²","13,4 м²","17,6 м²","2,77 м",,,Чистовая,"8 пассажирских, 8 грузовых",Монолитно-кирпичный,,р-н Московский,,3.0,"Московская, Ленинский проспект, Звездная","7 мин., 4 мин., 5 мин.",Setl Group,Комфорт,Монолитно-кирпичный,"Подземная, гостевая",Жилой комплекс,"Отделка, Парковка, Внутренний двор, Архитектура, Входная группа, Лифт",,True,"6 просмотров, нет за сегодня",1 лоджия,,
"Продается 2-комн. квартира, 52,4 м²",ЖК «Дубровский»,"52,4 м²","25,2 м²","13,8 м²",1,4,2025,Не сдан,Нет информации,Новостройка,"52,4 м²","25,2 м²","13,8 м²",,,,Нет информации,"8 пассажирских, 8 грузовых",Монолитно-кирпичный,,р-н Пушкинский,4,3.0,"Купчино, Звездная, Шушары","24 мин., 25 мин., 27 мин.",КВС,Бизнес,Монолитно-кирпичный,Гостевая,Жилой комплекс,"Отделка, Парковка, Внутренний двор, Архитектура",,True,"70 просмотров, 6 за сегодня",,,"Чистовая, Предчистовая"
"Продается 2-комн. квартира, 50,83 м²",ЖК «Южный Форт»,"50,83 м²",,,12,20,2026,Не сдан,,Новостройка,"50,83 м²",,,"2,74 м",,,,6 грузовых,Монолитный,,р-н Красносельский,62к1,3.0,"Юго-Западная, Автово, Ленинский проспект","6 мин., 8 мин., 8 мин.",ГК Лидер Групп,Комфорт,Монолитный,Гостевая,Жилой комплекс,"Отделка, Внутренний двор, Архитектура, Входная группа",,True,"72 просмотра, 20 за сегодня",,,
"Продается 2-комн. квартира, 52,53 м²",ЖК «Ultra City 3.0 (Ультра Сити 3.0)»,"52,53 м²",23 м²,"15,3 м²",10,17,2028,Не сдан,Предчистовая,Новостройка,"52,53 м²",23 м²,"15,3 м²","2,75 м",,,Предчистовая,2 пассажирских,Монолитно-кирпичный,Есть,р-н Приморский,,3.0,"Комендантский проспект, Пионерская, Удельная","11 мин., 12 мин., 12 мин.",RBI,Комфорт,Монолитно-кирпичный,"Отдельная многоуровневая, гостевая",Жилой комплекс,"Отделка, Внутренний двор, Архитектура, Входная группа, Лифт",,False,"170 просмотров, 16 за сегодня",,Наземная,
"Продается 3-комн. квартира, 80,13 м²",ЖК «Квартал Заречье»,"80,13 м²",,,1,9,2027,Не сдан,,Новостройка,"80,13 м²",,,"2,7 м",,,,5 грузовых,Монолитный,Есть,р-н Колпинский,,3.0,"Рыбацкое, Обухово, Пролетарская","18 мин., 21 мин., 22 мин.",СЗ ИнтерГрупп,Комфорт,Монолитный,"Отдельная многоуровневая, гостевая",Жилой комплекс,"Парковка, Внутренний двор, Архитектура",,False,"21 просмотр, нет за сегодня",,,
"Продается 2-комн. квартира, 52,09 м²",ЖК «Кинопарк»,"52,09 м²","25,8 м²","10,9 м²",1,9,2028,Не сдан,Без отделки,Новостройка,"52,09 м²","25,8 м²","10,9 м²",3 м,1 совмещенный,На улицу,,,Монолитно-кирпичный,Есть,р-н Красносельский,,3.0,"Юго-Западная, Проспект Ветеранов, Ленинский проспект","9 мин., 11 мин., 11 мин.",Холдинг «РСТИ» (Росстройинвест),Комфорт,"Монолитно-кирпичный, монолитный","Подземная, гостевая",Жилой комплекс,"Парковка, Внутренний двор, Парки, Архитектура, Входная группа, Лифт",,True,"386 просмотров, 2 за сегодня",,,
"Продается 2-комн. квартира, 61,5 м²",ЖК «Клюква.Парк»,"61,5 м²",,,2,12,2028,Не сдан,Без отделки,Новостройка,"61,5 м²",,,"2,72 м",,,,"10 пассажирских, 10 грузовых",Монолитно-кирпичный,Есть,р-н Пушкинский,,3.0,"Звездная, Московская, Купчино","10 мин., 12 мин., 13 мин.",,,,,,,,False,"1 просмотр, нет за сегодня",,,
"Продается 2-комн. квартира, 58,56 м²",ЖК «ЦДС Dreamline (Дримлайн)»,"58,56 м²",,,2,17,2027,Не сдан,,Новостройка,"58,56 м²",,,"2,75 м",,,,"16 пассажирских, 2 грузовых",Монолитный,,р-н Приморский,24,3.0,"Комендантский проспект, Старая Деревня, Пионерская","11 мин., 11 мин., 12 мин.",ЦДС,Комфорт,"Монолитный, кирпичный",Отдельная многоуровневая,Жилой комплекс,"Парковка, Внутренний двор, Архитектура, Входная группа, Лифт",,False,"83 просмотра, 5 за сегодня",,,
"Продается 1-комн. квартира, 35,9 м²",ЖК «ЛСР. Большая Охта»,"35,9 м²","10,9 м²",17 м²,12,12,2025,Не сдан,Предчистовая,Новостройка,"35,9 м²","10,9 м²",17 м²,"2,7 м",,На улицу,Предчистовая,"1 пассажирский, 1 грузовой",Монолитный,,р-н Красногвардейский,5,3.0,"Ладожская, Новочеркасская, Чернышевская","4 мин., 4 мин., 8 мин.",ЛСР. Недвижимость-Северо-Запад,Бизнес,Монолитный,Подземная,Жилой комплекс,"Отделка, Внутренний двор, Архитектура, Входная группа, Лифт",,True,"нет просмотров, нет за сегодня",,Подземная,
"Продается 2-комн. квартира, 59 м²",ЖК «ЮгТаун. Олимпийские кварталы»,59 м²,"26,6 м²","20,5 м²",4,5,2025,Сдан,Чистовая,Новостройка,59 м²,"26,6 м²","20,5 м²",,,,Чистовая,,Монолитный,,р-н Пушкинский,14,3.0,"Купчино, Московская, Звездная","20 мин., 20 мин., 21 мин.",КВС,Комфорт,Монолитный,Гостевая,Жилой комплекс,"Отделка, Внутренний двор, Архитектура",,True,"61 просмотр, 9 за сегодня",,,
"Продается 3-комн. квартира, 73,68 м²",ЖК «Образцовый квартал 6.4»,"73,68 м²","44,5 м²","11,1 м²",1,4,2028,Не сдан,Предчистовая,Новостройка,"73,68 м²","44,5 м²","11,1 м²","2,87 м",1 совмещенный,,Предчистовая,1 пассажирский,Монолитно-кирпичный,,р-н Пушкинский,,3.0,"Купчино, Звездная, Проспект Ветеранов","20 мин., 21 мин., 22 мин.",,,,,,,,True,"66 просмотров, нет за сегодня",1 балкон,Наземная,
"Продается 1-комн. квартира, 30,32 м²",ЖК «MONODOM ART (МОНОДОМ АРТ)»,"30,32 м²",,,3,9,2026,Не сдан,,Новостройка,"30,32 м²",,,"2,83 м",,,,,Монолитно-кирпичный,,р-н Василеостровский,,3.0,"Горный институт, Василеостровская, Приморская","16 мин., 5 мин., 5 мин.",,,,,,,,False,"123 просмотра, 8 за сегодня",,Подземная,
"Продается студия, 27,68 м²",ЖК «Ассамблея»,"27,68 м²","13,5 м²",5 м²,2,12,2028,Не сдан,Без отделки,Новостройка,"27,68 м²","13,5 м²",5 м²,3 м,1 совмещенный,Во двор,Без отделки,"1 пассажирский, 1 грузовой",Монолитный,,р-н Василеостровский,,3.0,"Василеостровская, Горный институт, Приморская","22 мин., 16 мин., 5 мин.",,,,,,,,True,"1 просмотр, нет за сегодня",,,Без отделки
"Продается 3-комн. квартира, 78,28 м²",ЖК «Квартал Заречье»,"78,28 м²",,,2,9,2027,Не сдан,,Новостройка,"78,28 м²",,,"2,7 м",,,,5 грузовых,Монолитный,Есть,р-н Колпинский,71Д,3.0,"Рыбацкое, Пролетарская, Обухово","17 мин., 21 мин., 21 мин.",СЗ ИнтерГрупп,Комфорт,Монолитный,"Отдельная многоуровневая, гостевая",Жилой комплекс,"Парковка, Внутренний двор, Архитектура",,False,"12 просмотров, 1 за сегодня",,,
"Продается 3-комн. квартира, 77,75 м²",ЖК «Квартал Заречье»,"77,75 м²",,,5,9,2027,Не сдан,,Новостройка,"77,75 м²",,,"2,7 м",,,,5 грузовых,Монолитный,Есть,р-н Колпинский,,3.0,"Рыбацкое, Обухово, Пролетарская","18 мин., 21 мин., 22 мин.",СЗ ИнтерГрупп,Комфорт,Монолитный,"Отдельная многоуровневая, гостевая",Жилой комплекс,"Парковка, Внутренний двор, Архитектура",,False,"18 просмотров, нет за сегодня",,,
"Продается 2-комн. квартира, 54,72 м²",ЖК «PLUS Пулковский (Плюс Пулковский)»,"54,72 м²","25,3 м²","13,6 м²",3,5,2026,Не сдан,Чистовая,Новостройка,"54,72 м²","25,3 м²","13,6 м²","2,89 м","1 совмещенный, 1 раздельный",На улицу и двор,Чистовая,1 грузовой,Монолитный,,р-н Московский,,3.0,"Московская, Проспект Ветеранов, Звездная","19 мин., 21 мин., 22 мин.",ГК ПСК,Комфорт,Монолитно-кирпичный,"Подземная, отдельная многоуровневая, гостевая",Жилой комплекс,"Парковка, Внутренний двор, Архитектура, Входная группа",,False,"22 просмотра, 10 за сегодня",,,
"Продается 2-комн. квартира, 53,6 м²",ЖК «Пулково Лейк»,"53,6 м²","22,4 м²","14,9 м²",1,4,2027,Не сдан,Чистовая,Новостройка,"53,6 м²","22,4 м²","14,9 м²","2,74 м",2 совмещенных,Во двор,Чистовая,"1 пассажирский, 1 грузовой",Панельный,,р-н Пушкинский,,3.0,"Московская, Купчино, Звездная","22 мин., 20 мин., 21 мин.",ЛСР. Недвижимость-Северо-Запад,Комфорт,Панельный,Гостевая,Жилой комплекс,"Отделка, Внутренний двор, Парки, Архитектура, Входная группа",,True,"904 просмотра, 13 за сегодня",,Наземная,
"Продается 1-комн. квартира, 34,53 м²",ЖК «MONODOM ART (МОНОДОМ АРТ)»,"34,53 м²",,,1,9,2026,Не сдан,,Новостройка,"34,53 м²",,,"2,83 м",,,,,Монолитно-кирпичный,,р-н Василеостровский,,3.0,"Горный институт, Василеостровская, Приморская","16 мин., 5 мин., 5 мин.",,,,,,,,False,"41 просмотр, 2 за сегодня",,Подземная,
"Продается 1-комн. квартира, 46,6 м²",ЖК «Руднева 15»,"46,6 м²","11,6 м²","23,4 м²",1,13,2024,Сдан,Чистовая,Новостройка,"46,6 м²","11,6 м²","23,4 м²","2,63 м",,Во двор,Чистовая,,Монолитный,,р-н Выборгский,2к2,3.0,"Проспект Просвещения, Гражданский проспект, Политехническая","5 мин., 6 мин., 7 мин.",,,,,,,,False,"9 просмотров, нет за сегодня",,,
"Продается 2-комн. квартира, 53,18 м²",ЖК «Кинопарк»,"53,18 м²","27,5 м²",11 м²,2,9,2028,Не сдан,Без отделки,Новостройка,"53,18 м²","27,5 м²",11 м²,3 м,,На улицу,,14 пассажирских,Монолитно-кирпичный,Есть,р-н Красносельский,,3.0,"Юго-Западная, Проспект Ветеранов, Ленинский проспект","9 мин., 11 мин., 11 мин.",Холдинг «РСТИ» (Росстройинвест),Комфорт,"Монолитно-кирпичный, монолитный","Подземная, гостевая",Жилой комплекс,"Парковка, Внутренний двор, Парки, Архитектура, Входная группа, Лифт",,True,"506 просмотров, 13 за сегодня",,,
"Продается 1-комн. квартира, 37,37 м²",ЖК «Ранта Резиденс (Ranta Residence)»,"37,37 м²",11 м²,12 м²,3,4,2026,Не сдан,Предчистовая,Новостройка,"37,37 м²",11 м²,12 м²,3 м,1 совмещенный,Во двор,Предчистовая,"1 пассажирский, 1 грузовой",Монолитно-кирпичный,,р-н Курортный,,,,,LAR Development,Бизнес,Монолитно-кирпичный,"Отдельная многоуровневая, гостевая",Жилой комплекс,"Отделка, Парковка, Внутренний двор, Парки, Архитектура, Входная группа",,True,"409 просмотров, нет за сегодня",1 лоджия,,"Чистовая, Предчистовая"
"Продается 1-комн. квартира, 37,57 м²",ЖК «Ранта Резиденс (Ranta Residence)»,"37,57 м²",11 м²,12 м²,2,4,2026,Не сдан,Предчистовая,Новостройка,"37,57 м²",11 м²,12 м²,3 м,1 совмещенный,Во двор,Предчистовая,"1 пассажирский, 1 грузовой",Монолитно-кирпичный,,р-н Курортный,,,,,LAR Development,Бизнес,Монолитно-кирпичный,"Отдельная многоуровневая, гостевая",Жилой комплекс,"Отделка, Парковка, Внутренний двор, Парки, Архитектура, Входная группа",,True,"755 просмотров, 9 за сегодня",1 лоджия,,"Чистовая, Предчистовая"
"Продается 2-комн. квартира, 54,29 м²",ЖК «Дубровский»,"54,29 м²","26,4 м²","12,7 м²",2,4,2027,Не сдан,С отделкой,Новостройка,"54,29 м²","26,4 м²","12,7 м²",,,,С отделкой,,Монолитно-кирпичный,,р-н Пушкинский,,3.0,"Купчино, Звездная, Шушары","24 мин., 25 мин., 27 мин.",КВС,Бизнес,Монолитно-кирпичный,Гостевая,Жилой комплекс,"Отделка, Парковка, Внутренний двор, Архитектура",,True,"15 просмотров, нет за сегодня",,,"Чистовая, Предчистовая"
"Продается 2-комн. квартира, 62,21 м²",ЖК «Любоград»,"62,21 м²","26,2 м²","18,2 м²",1,4,2027,Не сдан,Чистовая,Новостройка,"62,21 м²","26,2 м²","18,2 м²","2,77 м",,,Чистовая,7 пассажирских,Монолитно-кирпичный,,р-н Петродворцовый,,3.0,"Юго-Западная, Проспект Ветеранов, Ленинский проспект","15 мин., 17 мин., 17 мин.",КВС,Комфорт,"Монолитно-кирпичный, монолитный",Гостевая,Жилой комплекс,"Отделка, Внутренний двор",,True,"46 просмотров, 6 за сегодня",,,
"Продается 1-комн. квартира, 41,66 м²",ЖК «Титул в Московском»,"41,66 м²","12,5 м²",17 м²,1,11,2026,Не сдан,Чистовая,Новостройка,"41,66 м²","12,5 м²",17 м²,"2,77 м",,,Чистовая,6 грузовых,Монолитно-кирпичный,,р-н Московский,80к1,3.0,"Московская, Ленинский проспект, Звездная","7 мин., 4 мин., 6 мин.",Setl Group,Комфорт,Монолитно-кирпичный,"Подземная, гостевая",Жилой комплекс,"Отделка, Парковка, Внутренний двор, Архитектура, Входная группа, Лифт",,True,"59 просмотров, 1 за сегодня",1 лоджия,,
"Продается 1-комн. квартира, 47,64 м²",ЖК «ORO by Akvilon (ОРО от Аквилон)»,"47,64 м²",,,2,17,2027,Не сдан,Без отделки,Новостройка,"47,64 м²",,,"2,85 м",,На улицу и двор,,"12 пассажирских, 3 грузовых",Монолитно-кирпичный,,р-н Московский,13ВА,3.0,"Звездная, Купчино, Московская","15 мин., 6 мин., 8 мин.",Группа Аквилон,Бизнес,Монолитно-кирпичный,Подземная,Жилой комплекс,"Отделка, Парковка, Внутренний двор, Архитектура, Входная группа",,False,"9 просмотров, 3 за сегодня",,,
"Продается 3-комн. квартира, 80,75 м²",ЖК «Квартал Заречье»,"80,75 м²",,,2,9,2027,Не сдан,,Новостройка,"80,75 м²",,,"2,7 м",,,,5 грузовых,Монолитный,Есть,р-н Колпинский,71Д,3.0,"Рыбацкое, Пролетарская, Обухово","17 мин., 21 мин., 21 мин.",СЗ ИнтерГрупп,Комфорт,Монолитный,"Отдельная многоуровневая, гостевая",Жилой комплекс,"Парковка, Внутренний двор, Архитектура",,False,"12 просмотров, нет за сегодня",,,
"Продается студия, 29,45 м²",ЖК «Галерная гавань»,"29,45 м²","14,1 м²",5 м²,4,12,2028,Не сдан,Без отделки,Новостройка,"29,45 м²","14,1 м²",5 м²,"3,02 м",1 совмещенный,Во двор,Без отделки,"1 пассажирский, 1 грузовой",Монолитный,Есть,р-н Василеостровский,Галерная гавань жилой комплекс,3.0,"Горный институт, Приморская, Василеостровская","6 мин., 8 мин., 9 мин.",,,,,,,,False,"10 просмотров, 1 за сегодня",,,Без отделки
"Продается 2-комн. квартира, 53,19 м²",ЖК «PLUS Пулковский (Плюс Пулковский)»,"53,19 м²","24,7 м²","12,7 м²",2,5,2025,Не сдан,Чистовая,Новостройка,"53,19 м²","24,7 м²","12,7 м²","2,75 м","1 совмещенный, 1 раздельный",На улицу и двор,Чистовая,1 грузовой,Монолитный,,р-н Московский,5к2,3.0,"Звездная, Московская, Проспект Ветеранов","18 мин., 19 мин., 23 мин.",ГК ПСК,Комфорт,Монолитно-кирпичный,"Подземная, отдельная многоуровневая, гостевая",Жилой комплекс,"Парковка, Внутренний двор, Архитектура, Входная группа",,False,"2 просмотра, нет за сегодня",,,
"Продается 3-комн. квартира, 65,9 м²",ЖК «PLUS Пулковский (Плюс Пулковский)»,"65,9 м²","34,1 м²",17 м²,1,5,2027,Не сдан,Чистовая,Новостройка,"65,9 м²","34,1 м²",17 м²,"2,89 м","1 совмещенный, 1 раздельный",На улицу и двор,Чистовая,1 грузовой,Монолитный,,р-н Московский,,3.0,"Звездная, Проспект Ветеранов, Юго-Западная","22 мин., 23 мин., 24 мин.",ГК ПСК,Комфорт,Монолитно-кирпичный,"Подземная, отдельная многоуровневая, гостевая",Жилой комплекс,"Парковка, Внутренний двор, Архитектура, Входная группа",,False,"7 просмотров, 3 за сегодня",,,
"Продается 2-комн. квартира, 64,59 м²",ЖК «PLUS Пулковский (Плюс Пулковский)»,"64,59 м²",31 м²,"16,3 м²",1,5,2027,Не сдан,Чистовая,Новостройка,"64,59 м²",31 м²,"16,3 м²","2,89 м","1 совмещенный, 1 раздельный",На улицу и двор,Чистовая,1 грузовой,Монолитный,,р-н Московский,,3.0,"Звездная, Проспект Ветеранов, Юго-Западная","22 мин., 23 мин., 24 мин.",ГК ПСК,Комфорт,Монолитно-кирпичный,"Подземная, отдельная многоуровневая, гостевая",Жилой комплекс,"Парковка, Внутренний двор, Архитектура, Входная группа",,False,"2 просмотра, нет за сегодня",1 балкон,,
"Продается 3-комн. квартира, 63,4 м²",ЖК «Ручьи»,"63,4 м²","36,1 м²","15,5 м²",3,20,2027,Не сдан,Чистовая,Новостройка,"63,4 м²","36,1 м²","15,5 м²","2,55 м",1 раздельный,Во двор,Чистовая,"1 пассажирский, 1 грузовой",Монолитный,,р-н Красногвардейский,,3.0,"Академическая, Девяткино, Гражданский проспект","14 мин., 12 мин., 12 мин.",ЛСР. Недвижимость-Северо-Запад,Комфорт,Панельный,"Подземная, гостевая",Жилой комплекс,"Отделка, Парковка, Внутренний двор, Парки, Архитектура, Входная группа",,True,"99 просмотров, 16 за сегодня",1 балкон,,
"Продается 2-комн. квартира, 65,7 м²",ЖК «Клюква.Парк»,"65,7 м²",,,4,12,2028,Не сдан,Без отделки,Новостройка,"65,7 м²",,,"2,72 м",,,,"10 пассажирских, 10 грузовых",Монолитно-кирпичный,Есть,р-н Пушкинский,,3.0,"Звездная, Московская, Купчино","10 мин., 12 мин., 13 мин.",,,,,,,,False,"3 просмотра, нет за сегодня",,,
"Продается 1-комн. квартира, 58,3 м²",ЖК «ЦДС Черная речка»,"58,3 м²",,,1,14,2025,Сдан,,Новостройка,"58,3 м²",,,"2,75 м",,,,8 грузовых,Монолитный,Есть,р-н Приморский,10к3,3.0,"Лесная, Черная речка, Выборгская","17 мин., 23 мин., 6 мин.",ЦДС,Бизнес,Монолитный,Подземная,Жилой комплекс,"Внутренний двор, Архитектура, Входная группа",,False,"93 просмотра, 29 за сегодня",,,
"Продается 2-комн. квартира, 60,45 м²",ЖК «ЦДС Dreamline (Дримлайн)»,"60,45 м²",,,3,17,2027,Не сдан,,Новостройка,"60,45 м²",,,"2,75 м",,,,"16 пассажирских, 2 грузовых",Монолитный,,р-н Приморский,24,3.0,"Комендантский проспект, Старая Деревня, Пионерская","11 мин., 11 мин., 12 мин.",ЦДС,Комфорт,"Монолитный, кирпичный",Отдельная многоуровневая,Жилой комплекс,"Парковка, Внутренний двор, Архитектура, Входная группа, Лифт",,False,"15 просмотров, нет за сегодня",,,
"Продается 1-комн. квартира, 35,03 м²",ЖК «17 линия»,"35,03 м²","15,3 м²","11,3 м²",4,10,2028,Не сдан,Предчистовая,Новостройка,"35,03 м²","15,3 м²","11,3 м²","2,73 м",1 совмещенный,,Предчистовая,"7 пассажирских, 11 грузовых",Монолитный,,р-н Василеостровский,,3.0,"Василеостровская, Горный институт, Приморская","23 мин., 25 мин., 5 мин.",,,,,,,,False,"986 просмотров, 36 за сегодня",1 балкон,,"Чистовая, Предчистовая"
"Продается 1-комн. квартира, 41,67 м²",ЖК «Титул в Московском»,"41,67 м²","12,5 м²","17,1 м²",5,12,2028,Не сдан,Чистовая,Новостройка,"41,67 м²","12,5 м²","17,1 м²","2,77 м",,,Чистовая,"8 пассажирских, 8 грузовых",Монолитно-кирпичный,,р-н Московский,,3.0,"Московская, Ленинский проспект, Звездная","7 мин., 4 мин., 5 мин.",Setl Group,Комфорт,Монолитно-кирпичный,"Подземная, гостевая",Жилой комплекс,"Отделка, Парковка, Внутренний двор, Архитектура, Входная группа, Лифт",,True,"125 просмотров, 13 за сегодня",1 лоджия,,
"Продается 2-комн. квартира, 54,25 м²",ЖК «Ultra City 3.0 (Ультра Сити 3.0)»,"54,25 м²","22,5 м²","16,2 м²",6,17,2027,Не сдан,Предчистовая,Новостройка,"54,25 м²","22,5 м²","16,2 м²","2,75 м",,,Предчистовая,4 пассажирских,Монолитно-кирпичный,Есть,р-н Приморский,,3.0,"Комендантский проспект, Пионерская, Удельная","11 мин., 12 мин., 12 мин.",RBI,Комфорт,Монолитно-кирпичный,"Отдельная многоуровневая, гостевая",Жилой комплекс,"Отделка, Внутренний двор, Архитектура, Входная группа, Лифт",,False,"37 просмотров, 13 за сегодня",,Наземная,
"Продается 2-комн. квартира, 54,54 м²",ЖК «Ultra City 3.0 (Ультра Сити 3.0)»,"54,54 м²","22,5 м²","16,1 м²",7,17,2027,Не сдан,Предчистовая,Новостройка,"54,54 м²","22,5 м²","16,1 м²","2,75 м",,,Предчистовая,4 пассажирских,Монолитно-кирпичный,Есть,р-н Приморский,,3.0,"Комендантский проспект, Пионерская, Удельная","11 мин., 12 мин., 12 мин.",RBI,Комфорт,Монолитно-кирпичный,"Отдельная многоуровневая, гостевая",Жилой комплекс,"Отделка, Внутренний двор, Архитектура, Входная группа, Лифт",,False,"107 просмотров, 1 за сегодня",,Наземная,
"Продается 2-комн. квартира, 56,76 м²",ЖК «Окла (Okla)»,"56,76 м²",,,1,7,2027,Не сдан,,Новостройка,"56,76 м²",,,,,,,,Монолитный,,р-н Приморский,,3.0,"Проспект Просвещения, Озерки, Парнас","11 мин., 11 мин., 12 мин.",Ленстройтрест,Комфорт,Монолитный,"Отдельная многоуровневая, гостевая",Жилой комплекс,"Отделка, Парковка, Внутренний двор, Архитектура, Входная группа, Лифт",,True,"4 просмотра, 1 за сегодня",,,
"Продается студия, 27,4 м²",ЖК «Лермонтовский 54»,"27,4 м²","14,4 м²","4,7 м²",9,9,2025,Не сдан,Без отделки,Новостройка,"27,4 м²","14,4 м²","4,7 м²",3 м,1 совмещенный,На улицу,Без отделки,"1 пассажирский, 1 грузовой",Монолитный,,р-н Адмиралтейский,169,3.0,"Балтийская, Фрунзенская, Технологический институт","4 мин., 17 мин., 23 мин.",ПИК,Бизнес,Монолитный,"Подземная, гостевая",Жилой комплекс,"Отделка, Парковка, Внутренний двор, Архитектура, Входная группа, Лифт",,False,"266 просмотров, 3 за сегодня",1 балкон,Открытая,"Предчистовая, Без отделки"
"Продается 2-комн. квартира, 59,92 м²",ЖК «Любоград»,"59,92 м²","27,1 м²","18,7 м²",1,4,2027,Не сдан,Чистовая,Новостройка,"59,92 м²","27,1 м²","18,7 м²","2,77 м",,,Чистовая,6 пассажирских,Монолитно-кирпичный,,р-н Петродворцовый,,3.0,"Юго-Западная, Проспект Ветеранов, Ленинский проспект","15 мин., 17 мин., 18 мин.",КВС,Комфорт,"Монолитно-кирпичный, монолитный",Гостевая,Жилой комплекс,"Отделка, Внутренний двор",,True,"99 просмотров, 1 за сегодня",,,
"Продается студия, 35,26 м²",ЖК «BEREG.Курортный (БЕРЕГ.Курортный)»,"35,26 м²",24 м²,,1,5,2024,Не сдан,Предчистовая,Новостройка,"35,26 м²",24 м²,,"2,65 м",,,Предчистовая,"1 пассажирский, 1 грузовой",Монолитный,,р-н Курортный,18,3.0,"Беговая, Комендантский проспект, Зенит","30 мин., 29 мин., 30 мин.",,,,,,,,True,"662 просмотра, 2 за сегодня",,,"Чистовая, Предчистовая"
"Продается 1-комн. квартира, 36,52 м²",ЖК «НИГИЛИСТ»,"36,52 м²","7,8 м²",,4,13,2028,Не сдан,Предчистовая,Новостройка,"36,52 м²","7,8 м²",,"2,74 м",,,Предчистовая,"3 пассажирских, 3 грузовых",Монолитно-кирпичный,,р-н Фрунзенский,,3.0,"Бухарестская, Международная, Волковская","12 мин., 20 мин., 6 мин.",ГК «Bau City Development»,Бизнес,Монолитный,"Подземная, гостевая",Жилой комплекс,"Отделка, Парковка, Внутренний двор, Архитектура, Входная группа",,False,"34 просмотра, 3 за сегодня",,,"Чистовая, Предчистовая, Без отделки"
"Продается 1-комн. квартира, 39,9 м²",ЖК «Струны»,"39,9 м²","11,1 м²",16 м²,19,23,2026,Не сдан,Предчистовая,Новостройка,"39,9 м²","11,1 м²",16 м²,,,,Предчистовая,,Монолитный,Есть,р-н Выборгский,4,3.0,"Проспект Просвещения, Парнас, Озерки","17 мин., 5 мин., 8 мин.",RBI,Бизнес,Монолитный,Подземная,Жилой комплекс,"Отделка, Внутренний двор, Архитектура, Входная группа",,False,"62 просмотра, нет за сегодня",,Подземная,
"Продается 2-комн. квартира, 56,92 м²",ЖК «Ultra City 3.0 (Ультра Сити 3.0)»,"56,92 м²","23,2 м²","15,2 м²",3,17,2028,Не сдан,Предчистовая,Новостройка,"56,92 м²","23,2 м²","15,2 м²","2,75 м",,,Предчистовая,6 пассажирских,Монолитно-кирпичный,Есть,р-н Приморский,,3.0,"Комендантский проспект, Пионерская, Удельная","11 мин., 12 мин., 12 мин.",RBI,Комфорт,Монолитно-кирпичный,"Отдельная многоуровневая, гостевая",Жилой комплекс,"Отделка, Внутренний двор, Архитектура, Входная группа, Лифт",,False,"264 просмотра, 6 за сегодня",,Наземная,
"Продается студия, 28,63 м²",ЖК «Ассамблея»,"28,63 м²","14,4 м²",5 м²,2,12,2028,Не сдан,Без отделки,Новостройка,"28,63 м²","14,4 м²",5 м²,3 м,1 совмещенный,Во двор,Без отделки,"1 пассажирский, 1 грузовой",Монолитный,,р-н Василеостровский,,3.0,"Горный институт, Василеостровская, Приморская","16 мин., 22 мин., 5 мин.",,,,,,,,True,"2 просмотра, нет за сегодня",,,Без отделки
"Продается 3-комн. квартира, 65 м²",ЖК «PLUS Пулковский (Плюс Пулковский)»,65 м²,"34,1 м²","18,2 м²",3,5,2027,Не сдан,Чистовая,Новостройка,65 м²,"34,1 м²","18,2 м²","2,89 м","1 совмещенный, 1 раздельный",На улицу и двор,Чистовая,1 грузовой,Монолитный,,р-н Московский,,3.0,"Звездная, Проспект Ветеранов, Юго-Западная","22 мин., 23 мин., 24 мин.",ГК ПСК,Комфорт,Монолитно-кирпичный,"Подземная, отдельная многоуровневая, гостевая",Жилой комплекс,"Парковка, Внутренний двор, Архитектура, Входная группа",,False,"36 просмотров, 10 за сегодня",,,
"Продается 2-комн. квартира, 48,41 м²",ЖК «Морская миля»,"48,41 м²",22 м²,"16,7 м²",2,23,2027,Не сдан,Чистовая,Новостройка,"48,41 м²",22 м²,"16,7 м²","2,55 м",1 раздельный,Во двор,Чистовая,"1 пассажирский, 1 грузовой",Монолитный,,р-н Красносельский,,3.0,"Автово, Юго-Западная, Кировский завод","6 мин., 18 мин., 7 мин.",ЛСР. Недвижимость-Северо-Запад,Комфорт,Монолитно-кирпичный,Подземная,Жилой комплекс,"Отделка, Парковка, Внутренний двор, Парки, Архитектура, Входная группа",,True,"1879 просмотров, 25 за сегодня",,,
"Продается 1-комн. квартира, 33,88 м²",ЖК «MONODOM ART (МОНОДОМ АРТ)»,"33,88 м²",,,2,9,2026,Не сдан,,Новостройка,"33,88 м²",,,"2,83 м",,,,,Монолитно-кирпичный,,р-н Василеостровский,,3.0,"Горный институт, Василеостровская, Приморская","16 мин., 5 мин., 5 мин.",,,,,,,,False,"43 просмотра, 1 за сегодня",,Подземная,
"Продается 3-комн. квартира, 64 м²",ЖК «Ручьи»,64 м²,"36,4 м²","15,7 м²",18,20,2027,Не сдан,Чистовая,Новостройка,64 м²,"36,4 м²","15,7 м²","2,55 м","1 совмещенный, 1 раздельный",Во двор,Чистовая,"1 пассажирский, 1 грузовой",Монолитный,,р-н Красногвардейский,,3.0,"Академическая, Девяткино, Гражданский проспект","14 мин., 12 мин., 12 мин.",ЛСР. Недвижимость-Северо-Запад,Комфорт,Панельный,"Подземная, гостевая",Жилой комплекс,"Отделка, Парковка, Внутренний двор, Парки, Архитектура, Входная группа",,True,"1 просмотр, нет за сегодня",1 балкон,,
"Продается 2-комн. квартира, 55,33 м²",ЖК «Дубровский»,"55,33 м²","27,9 м²","15,2 м²",2,4,2027,Не сдан,С отделкой,Новостройка,"55,33 м²","27,9 м²","15,2 м²",,,,С отделкой,,Монолитно-кирпичный,,р-н Пушкинский,,3.0,"Купчино, Звездная, Шушары","24 мин., 25 мин., 27 мин.",КВС,Бизнес,Монолитно-кирпичный,Гостевая,Жилой комплекс,"Отделка, Парковка, Внутренний двор, Архитектура",,True,"3 просмотра, нет за сегодня",,,"Чистовая, Предчистовая"
